{
	"materials": [],
	"meshes": [
		{
			"name": "Body_body_0",
			"id": "757c848b-324c-4247-bfbc-54f6084b3103",
			"uniqueId": 23892,
			"type": "Mesh",
			"position": [
				0,
				0,
				0
			],
			"rotationQuaternion": [
				0,
				0,
				0,
				1
			],
			"scaling": [
				1,
				1,
				1
			],
			"localMatrix": {
				"0": 1,
				"1": 0,
				"2": 0,
				"3": 0,
				"4": 0,
				"5": 1,
				"6": 0,
				"7": 0,
				"8": 0,
				"9": 0,
				"10": 1,
				"11": 0,
				"12": 0,
				"13": 0,
				"14": 0,
				"15": 1
			},
			"isEnabled": true,
			"isVisible": true,
			"infiniteDistance": false,
			"pickable": true,
			"receiveShadows": false,
			"billboardMode": 0,
			"visibility": 1,
			"checkCollisions": false,
			"isBlocker": false,
			"overrideMaterialSideOrientation": 0,
			"parentId": "295490d9-ce90-48bd-9a4e-44e0abb0bb41",
			"isUnIndexed": false,
			"geometryId": "a8f51756-b911-4ae5-a449-797724a2e83a",
			"subMeshes": null,
			"materialId": "ae3ebfab-8065-441e-9f48-a6e53da41c02",
			"metadata": {
				"basePoseMatrix": {
					"0": -100,
					"1": 0,
					"2": 0,
					"3": 0,
					"4": 0,
					"5": 100,
					"6": 1.1077989654079134e-12,
					"7": 0,
					"8": 0,
					"9": -1.1077989654079134e-12,
					"10": 100,
					"11": 0,
					"12": 0,
					"13": -32.29375457763672,
					"14": 4.499999523162842,
					"15": 1
				},
				"originalSourceFile": {
					"id": "Body_body_0",
					"name": "Body_body_0",
					"sceneFileName": "sign/iss/iss.glb"
				},
				"isPickable": false
			},
			"instances": [],
			"animations": [],
			"ranges": [],
			"layerMask": 268435455,
			"alphaIndex": 1.7976931348623157e+308,
			"hasVertexAlpha": false,
			"overlayAlpha": 0.3,
			"overlayColor": [
				1,
				0,
				0
			],
			"applyFog": true,
			"delayLoadingFile": "geometries/a8f51756-b911-4ae5-a449-797724a2e83a.babylonbinarymeshdata",
			"boundingBoxMaximum": [
				26.57591438293457,
				86.4439926147461,
				37.36643600463867
			],
			"boundingBoxMinimum": [
				-26.964872360229492,
				-33.128543853759766,
				-10.050000190734863
			],
			"_binaryInfo": {
				"positionsAttrDesc": {
					"count": 5508,
					"stride": 3,
					"offset": 0,
					"dataType": 1
				},
				"normalsAttrDesc": {
					"count": 5508,
					"stride": 3,
					"offset": 22032,
					"dataType": 1
				},
				"uvsAttrDesc": {
					"count": 3672,
					"stride": 2,
					"offset": 44064,
					"dataType": 1
				},
				"indicesAttrDesc": {
					"count": 5865,
					"stride": 1,
					"offset": 58752,
					"dataType": 0
				},
				"subMeshesAttrDesc": {
					"count": 1,
					"stride": 5,
					"offset": 82212,
					"dataType": 0
				}
			},
			"positions": null,
			"normals": null,
			"uvs": null,
			"hasUVs": true,
			"indices": null
		}
	],
	"multiMaterials": [],
	"lods": []
}