{
	"materials": [],
	"meshes": [
		{
			"name": "International_Space_Station_Module_007_primitive1",
			"id": "480da3c2-973d-4dfb-aacf-bf9d0b2ec473",
			"uniqueId": 673,
			"type": "Mesh",
			"position": [
				0,
				0,
				0
			],
			"rotation": [
				0,
				0,
				0
			],
			"scaling": [
				1,
				1,
				1
			],
			"localMatrix": {
				"0": 1,
				"1": 0,
				"2": 0,
				"3": 0,
				"4": 0,
				"5": 1,
				"6": 0,
				"7": 0,
				"8": 0,
				"9": 0,
				"10": 1,
				"11": 0,
				"12": 0,
				"13": 0,
				"14": 0,
				"15": 1
			},
			"isEnabled": true,
			"isVisible": true,
			"infiniteDistance": false,
			"pickable": true,
			"receiveShadows": false,
			"billboardMode": 0,
			"visibility": 1,
			"checkCollisions": false,
			"isBlocker": false,
			"overrideMaterialSideOrientation": 0,
			"parentId": "156b3071-2c74-4011-afd4-7a19c5b323fc",
			"isUnIndexed": false,
			"geometryId": "3fba41f9-1b9a-4713-a991-cf5ac66e0214",
			"subMeshes": null,
			"materialId": "b79a48a5-4105-42d4-8013-f50ff0276ee9",
			"metadata": {
				"basePoseMatrix": {
					"0": -0.9481220841407776,
					"1": -0.0012004646705463529,
					"2": 0.3179042339324951,
					"3": 0,
					"4": 0.15434668958187103,
					"5": 0.8724868297576904,
					"6": 0.46362030506134033,
					"7": 0,
					"8": 0.2779237926006317,
					"9": -0.4886361062526703,
					"10": 0.8270387649536133,
					"11": 0,
					"12": 2.373300790786743,
					"13": 11.103605270385742,
					"14": -0.7127842307090759,
					"15": 1
				},
				"originalSourceFile": {
					"id": "International_Space_Station_Module_007_primitive1",
					"name": "International_Space_Station_Module_007_primitive1",
					"sceneFileName": "SATELLITE/satelite.glb"
				},
				"isPickable": false
			},
			"instances": [],
			"animations": [],
			"ranges": [],
			"layerMask": 268435455,
			"alphaIndex": 1.7976931348623157e+308,
			"hasVertexAlpha": false,
			"overlayAlpha": 0.5,
			"overlayColor": [
				1,
				0,
				0
			],
			"applyFog": true,
			"delayLoadingFile": "geometries/3fba41f9-1b9a-4713-a991-cf5ac66e0214.babylonbinarymeshdata",
			"boundingBoxMaximum": [
				16.150001525878906,
				11.273256301879883,
				21.510786056518555
			],
			"boundingBoxMinimum": [
				13.339041709899902,
				10.100790977478027,
				18.201385498046875
			],
			"_binaryInfo": {
				"positionsAttrDesc": {
					"count": 768,
					"stride": 3,
					"offset": 0,
					"dataType": 1
				},
				"normalsAttrDesc": {
					"count": 768,
					"stride": 3,
					"offset": 3072,
					"dataType": 1
				},
				"uvsAttrDesc": {
					"count": 512,
					"stride": 2,
					"offset": 6144,
					"dataType": 1
				},
				"uvs2AttrDesc": {
					"count": 512,
					"stride": 2,
					"offset": 8192,
					"dataType": 1
				},
				"tangetsAttrDesc": {
					"count": 1024,
					"stride": 3,
					"offset": 10240,
					"dataType": 1
				},
				"indicesAttrDesc": {
					"count": 384,
					"stride": 1,
					"offset": 14336,
					"dataType": 0
				},
				"subMeshesAttrDesc": {
					"count": 1,
					"stride": 5,
					"offset": 15872,
					"dataType": 0
				}
			},
			"positions": null,
			"normals": null,
			"uvs": null,
			"hasUVs": true,
			"uv2s": null,
			"hasUVs2": true,
			"tangents": null,
			"indices": null
		}
	],
	"multiMaterials": [],
	"lods": []
}