{
	"materials": [],
	"meshes": [
		{
			"name": "International_Space_Station_Strut_Inner_primitive1",
			"id": "ef5e9055-7607-4f39-a1db-5872e94c9e83",
			"uniqueId": 816,
			"type": "Mesh",
			"position": [
				0,
				0,
				0
			],
			"rotation": [
				0,
				0,
				0
			],
			"scaling": [
				1,
				1,
				1
			],
			"localMatrix": {
				"0": 1,
				"1": 0,
				"2": 0,
				"3": 0,
				"4": 0,
				"5": 1,
				"6": 0,
				"7": 0,
				"8": 0,
				"9": 0,
				"10": 1,
				"11": 0,
				"12": 0,
				"13": 0,
				"14": 0,
				"15": 1
			},
			"isEnabled": true,
			"isVisible": true,
			"infiniteDistance": false,
			"pickable": true,
			"receiveShadows": false,
			"billboardMode": 0,
			"visibility": 1,
			"checkCollisions": false,
			"isBlocker": false,
			"overrideMaterialSideOrientation": 0,
			"parentId": "dc4121a0-3cd3-4b71-88af-658cad0a9c3e",
			"isUnIndexed": false,
			"geometryId": "334097c2-ff87-46dc-9a53-0a9c48b0b830",
			"subMeshes": null,
			"materialId": "31873bfa-1a2d-4ba2-9297-6ea0ac3bf0d6",
			"metadata": {
				"basePoseMatrix": {
					"0": -0.9481220841407776,
					"1": -0.0012004646705463529,
					"2": 0.3179042339324951,
					"3": 0,
					"4": 0.15434668958187103,
					"5": 0.8724868297576904,
					"6": 0.46362030506134033,
					"7": 0,
					"8": 0.2779237926006317,
					"9": -0.4886361062526703,
					"10": 0.8270387649536133,
					"11": 0,
					"12": 2.373300790786743,
					"13": 11.103605270385742,
					"14": -0.7127842307090759,
					"15": 1
				},
				"originalSourceFile": {
					"id": "International_Space_Station_Strut_Inner_primitive1",
					"name": "International_Space_Station_Strut_Inner_primitive1",
					"sceneFileName": "SATELLITE/satelite.glb"
				},
				"isPickable": false
			},
			"instances": [],
			"animations": [],
			"ranges": [],
			"layerMask": 268435455,
			"alphaIndex": 1.7976931348623157e+308,
			"hasVertexAlpha": false,
			"overlayAlpha": 0.3,
			"overlayColor": [
				1,
				0,
				0
			],
			"applyFog": true,
			"delayLoadingFile": "geometries/334097c2-ff87-46dc-9a53-0a9c48b0b830.babylonbinarymeshdata",
			"boundingBoxMaximum": [
				23.770158767700195,
				13.22464370727539,
				25.712507247924805
			],
			"boundingBoxMinimum": [
				5.7188849449157715,
				11.834875106811523,
				24.32274055480957
			],
			"_binaryInfo": {
				"positionsAttrDesc": {
					"count": 576,
					"stride": 3,
					"offset": 0,
					"dataType": 1
				},
				"normalsAttrDesc": {
					"count": 576,
					"stride": 3,
					"offset": 2304,
					"dataType": 1
				},
				"uvsAttrDesc": {
					"count": 384,
					"stride": 2,
					"offset": 4608,
					"dataType": 1
				},
				"uvs2AttrDesc": {
					"count": 384,
					"stride": 2,
					"offset": 6144,
					"dataType": 1
				},
				"tangetsAttrDesc": {
					"count": 768,
					"stride": 3,
					"offset": 7680,
					"dataType": 1
				},
				"indicesAttrDesc": {
					"count": 288,
					"stride": 1,
					"offset": 10752,
					"dataType": 0
				},
				"subMeshesAttrDesc": {
					"count": 1,
					"stride": 5,
					"offset": 11904,
					"dataType": 0
				}
			},
			"positions": null,
			"normals": null,
			"uvs": null,
			"hasUVs": true,
			"uv2s": null,
			"hasUVs2": true,
			"tangents": null,
			"indices": null
		}
	],
	"multiMaterials": [],
	"lods": []
}