{
	"materials": [],
	"meshes": [
		{
			"name": "International_Space_Station_Strut_Inner_primitive0",
			"id": "b424f7cf-615c-4ffe-8c80-a08d59295f3d",
			"uniqueId": 814,
			"type": "Mesh",
			"position": [
				0,
				0,
				0
			],
			"rotation": [
				0,
				0,
				0
			],
			"scaling": [
				1,
				1,
				1
			],
			"localMatrix": {
				"0": 1,
				"1": 0,
				"2": 0,
				"3": 0,
				"4": 0,
				"5": 1,
				"6": 0,
				"7": 0,
				"8": 0,
				"9": 0,
				"10": 1,
				"11": 0,
				"12": 0,
				"13": 0,
				"14": 0,
				"15": 1
			},
			"isEnabled": true,
			"isVisible": true,
			"infiniteDistance": false,
			"pickable": true,
			"receiveShadows": false,
			"billboardMode": 0,
			"visibility": 1,
			"checkCollisions": false,
			"isBlocker": false,
			"overrideMaterialSideOrientation": 0,
			"parentId": "dc4121a0-3cd3-4b71-88af-658cad0a9c3e",
			"isUnIndexed": false,
			"geometryId": "d18ee3ca-4437-4b0c-a1a6-0c63f4938df8",
			"subMeshes": null,
			"materialId": "b79a48a5-4105-42d4-8013-f50ff0276ee9",
			"metadata": {
				"basePoseMatrix": {
					"0": -0.9481220841407776,
					"1": -0.0012004646705463529,
					"2": 0.3179042339324951,
					"3": 0,
					"4": 0.15434668958187103,
					"5": 0.8724868297576904,
					"6": 0.46362030506134033,
					"7": 0,
					"8": 0.2779237926006317,
					"9": -0.4886361062526703,
					"10": 0.8270387649536133,
					"11": 0,
					"12": 2.373300790786743,
					"13": 11.103605270385742,
					"14": -0.7127842307090759,
					"15": 1
				},
				"originalSourceFile": {
					"id": "International_Space_Station_Strut_Inner_primitive0",
					"name": "International_Space_Station_Strut_Inner_primitive0",
					"sceneFileName": "SATELLITE/satelite.glb"
				},
				"isPickable": false
			},
			"instances": [],
			"animations": [],
			"ranges": [],
			"layerMask": 268435455,
			"alphaIndex": 1.7976931348623157e+308,
			"hasVertexAlpha": false,
			"overlayAlpha": 0.5,
			"overlayColor": [
				1,
				0,
				0
			],
			"applyFog": true,
			"delayLoadingFile": "geometries/d18ee3ca-4437-4b0c-a1a6-0c63f4938df8.babylonbinarymeshdata",
			"boundingBoxMaximum": [
				24.108617782592773,
				13.243035316467285,
				25.74286651611328
			],
			"boundingBoxMinimum": [
				5.380423545837402,
				11.816481590270996,
				24.268077850341797
			],
			"_binaryInfo": {
				"positionsAttrDesc": {
					"count": 429,
					"stride": 3,
					"offset": 0,
					"dataType": 1
				},
				"normalsAttrDesc": {
					"count": 429,
					"stride": 3,
					"offset": 1716,
					"dataType": 1
				},
				"uvsAttrDesc": {
					"count": 286,
					"stride": 2,
					"offset": 3432,
					"dataType": 1
				},
				"uvs2AttrDesc": {
					"count": 286,
					"stride": 2,
					"offset": 4576,
					"dataType": 1
				},
				"tangetsAttrDesc": {
					"count": 572,
					"stride": 3,
					"offset": 5720,
					"dataType": 1
				},
				"indicesAttrDesc": {
					"count": 360,
					"stride": 1,
					"offset": 8008,
					"dataType": 0
				},
				"subMeshesAttrDesc": {
					"count": 1,
					"stride": 5,
					"offset": 9448,
					"dataType": 0
				}
			},
			"positions": null,
			"normals": null,
			"uvs": null,
			"hasUVs": true,
			"uv2s": null,
			"hasUVs2": true,
			"tangents": null,
			"indices": null
		}
	],
	"multiMaterials": [],
	"lods": []
}