{
	"materials": [],
	"meshes": [
		{
			"name": "International_Space_Station_Module_009_primitive0",
			"id": "d04ea448-272d-4c46-bedd-7afdb7282289",
			"uniqueId": 682,
			"type": "Mesh",
			"position": [
				0,
				0,
				0
			],
			"rotation": [
				0,
				0,
				0
			],
			"scaling": [
				1,
				1,
				1
			],
			"localMatrix": {
				"0": 1,
				"1": 0,
				"2": 0,
				"3": 0,
				"4": 0,
				"5": 1,
				"6": 0,
				"7": 0,
				"8": 0,
				"9": 0,
				"10": 1,
				"11": 0,
				"12": 0,
				"13": 0,
				"14": 0,
				"15": 1
			},
			"isEnabled": true,
			"isVisible": true,
			"infiniteDistance": false,
			"pickable": true,
			"receiveShadows": false,
			"billboardMode": 0,
			"visibility": 1,
			"checkCollisions": false,
			"isBlocker": false,
			"overrideMaterialSideOrientation": 0,
			"parentId": "1a636e79-7155-4fc3-a587-f7c88435a67f",
			"isUnIndexed": false,
			"geometryId": "b4eaf246-486b-4414-94c7-3f8bf74dfc6b",
			"subMeshes": null,
			"materialId": "8fe855c9-f3e8-4319-892d-59687cd78cd1",
			"metadata": {
				"basePoseMatrix": {
					"0": -0.9481220841407776,
					"1": -0.0012004646705463529,
					"2": 0.3179042339324951,
					"3": 0,
					"4": 0.15434668958187103,
					"5": 0.8724868297576904,
					"6": 0.46362030506134033,
					"7": 0,
					"8": 0.2779237926006317,
					"9": -0.4886361062526703,
					"10": 0.8270387649536133,
					"11": 0,
					"12": 2.373300790786743,
					"13": 11.103605270385742,
					"14": -0.7127842307090759,
					"15": 1
				},
				"originalSourceFile": {
					"id": "International_Space_Station_Module_009_primitive0",
					"name": "International_Space_Station_Module_009_primitive0",
					"sceneFileName": "SATELLITE/satelite.glb"
				},
				"isPickable": false
			},
			"instances": [],
			"animations": [],
			"ranges": [],
			"layerMask": 268435455,
			"alphaIndex": 1.7976931348623157e+308,
			"hasVertexAlpha": false,
			"overlayAlpha": 0.3,
			"overlayColor": [
				1,
				0,
				0
			],
			"applyFog": true,
			"delayLoadingFile": "geometries/b4eaf246-486b-4414-94c7-3f8bf74dfc6b.babylonbinarymeshdata",
			"boundingBoxMaximum": [
				18.307767868041992,
				10.695484161376953,
				16.640705108642578
			],
			"boundingBoxMinimum": [
				11.181275367736816,
				10.67856216430664,
				16.076602935791016
			],
			"_binaryInfo": {
				"positionsAttrDesc": {
					"count": 48,
					"stride": 3,
					"offset": 0,
					"dataType": 1
				},
				"normalsAttrDesc": {
					"count": 48,
					"stride": 3,
					"offset": 192,
					"dataType": 1
				},
				"uvsAttrDesc": {
					"count": 32,
					"stride": 2,
					"offset": 384,
					"dataType": 1
				},
				"uvs2AttrDesc": {
					"count": 32,
					"stride": 2,
					"offset": 512,
					"dataType": 1
				},
				"tangetsAttrDesc": {
					"count": 64,
					"stride": 3,
					"offset": 640,
					"dataType": 1
				},
				"indicesAttrDesc": {
					"count": 24,
					"stride": 1,
					"offset": 896,
					"dataType": 0
				},
				"subMeshesAttrDesc": {
					"count": 1,
					"stride": 5,
					"offset": 992,
					"dataType": 0
				}
			},
			"positions": null,
			"normals": null,
			"uvs": null,
			"hasUVs": true,
			"uv2s": null,
			"hasUVs2": true,
			"tangents": null,
			"indices": null
		}
	],
	"multiMaterials": [],
	"lods": []
}