{
	"materials": [],
	"meshes": [
		{
			"name": "International_Space_Station_Strut_Outer_primitive0",
			"id": "8ae8d95e-8487-42d5-8a21-b85ed146bb87",
			"uniqueId": 821,
			"type": "Mesh",
			"position": [
				0,
				0,
				0
			],
			"rotation": [
				0,
				0,
				0
			],
			"scaling": [
				1,
				1,
				1
			],
			"localMatrix": {
				"0": 1,
				"1": 0,
				"2": 0,
				"3": 0,
				"4": 0,
				"5": 1,
				"6": 0,
				"7": 0,
				"8": 0,
				"9": 0,
				"10": 1,
				"11": 0,
				"12": 0,
				"13": 0,
				"14": 0,
				"15": 1
			},
			"isEnabled": true,
			"isVisible": true,
			"infiniteDistance": false,
			"pickable": true,
			"receiveShadows": false,
			"billboardMode": 0,
			"visibility": 1,
			"checkCollisions": false,
			"isBlocker": false,
			"overrideMaterialSideOrientation": 0,
			"parentId": "67115cdd-2537-449c-8532-3b33432a7c9f",
			"isUnIndexed": false,
			"geometryId": "35113fe7-f299-4919-ac68-f8ad9ab8b846",
			"subMeshes": null,
			"materialId": "31873bfa-1a2d-4ba2-9297-6ea0ac3bf0d6",
			"metadata": {
				"basePoseMatrix": {
					"0": -0.9481220841407776,
					"1": -0.0012004646705463529,
					"2": 0.3179042339324951,
					"3": 0,
					"4": 0.15434668958187103,
					"5": 0.8724868297576904,
					"6": 0.46362030506134033,
					"7": 0,
					"8": 0.2779237926006317,
					"9": -0.4886361062526703,
					"10": 0.8270387649536133,
					"11": 0,
					"12": 2.373300790786743,
					"13": 11.103605270385742,
					"14": -0.7127842307090759,
					"15": 1
				},
				"originalSourceFile": {
					"id": "International_Space_Station_Strut_Outer_primitive0",
					"name": "International_Space_Station_Strut_Outer_primitive0",
					"sceneFileName": "SATELLITE/satelite.glb"
				},
				"isPickable": false
			},
			"instances": [],
			"animations": [],
			"ranges": [],
			"layerMask": 268435455,
			"alphaIndex": 1.7976931348623157e+308,
			"hasVertexAlpha": false,
			"overlayAlpha": 0.3,
			"overlayColor": [
				1,
				0,
				0
			],
			"applyFog": true,
			"delayLoadingFile": "geometries/35113fe7-f299-4919-ac68-f8ad9ab8b846.babylonbinarymeshdata",
			"boundingBoxMaximum": [
				33.46844482421875,
				12.981040954589844,
				25.46890640258789
			],
			"boundingBoxMinimum": [
				-4.642341613769531,
				12.07847785949707,
				24.566341400146484
			],
			"_binaryInfo": {
				"positionsAttrDesc": {
					"count": 1152,
					"stride": 3,
					"offset": 0,
					"dataType": 1
				},
				"normalsAttrDesc": {
					"count": 1152,
					"stride": 3,
					"offset": 4608,
					"dataType": 1
				},
				"uvsAttrDesc": {
					"count": 768,
					"stride": 2,
					"offset": 9216,
					"dataType": 1
				},
				"uvs2AttrDesc": {
					"count": 768,
					"stride": 2,
					"offset": 12288,
					"dataType": 1
				},
				"tangetsAttrDesc": {
					"count": 1536,
					"stride": 3,
					"offset": 15360,
					"dataType": 1
				},
				"indicesAttrDesc": {
					"count": 600,
					"stride": 1,
					"offset": 21504,
					"dataType": 0
				},
				"subMeshesAttrDesc": {
					"count": 1,
					"stride": 5,
					"offset": 23904,
					"dataType": 0
				}
			},
			"positions": null,
			"normals": null,
			"uvs": null,
			"hasUVs": true,
			"uv2s": null,
			"hasUVs2": true,
			"tangents": null,
			"indices": null
		}
	],
	"multiMaterials": [],
	"lods": []
}