{
	"materials": [],
	"meshes": [
		{
			"name": "International_Space_Station_Solar_Array_004_primitive1",
			"id": "0ea67d71-7089-4374-a388-336f52832415",
			"uniqueId": 771,
			"type": "Mesh",
			"position": [
				0,
				0,
				0
			],
			"rotation": [
				0,
				0,
				0
			],
			"scaling": [
				1,
				1,
				1
			],
			"localMatrix": {
				"0": 1,
				"1": 0,
				"2": 0,
				"3": 0,
				"4": 0,
				"5": 1,
				"6": 0,
				"7": 0,
				"8": 0,
				"9": 0,
				"10": 1,
				"11": 0,
				"12": 0,
				"13": 0,
				"14": 0,
				"15": 1
			},
			"isEnabled": true,
			"isVisible": true,
			"infiniteDistance": false,
			"pickable": true,
			"receiveShadows": false,
			"billboardMode": 0,
			"visibility": 1,
			"checkCollisions": false,
			"isBlocker": false,
			"overrideMaterialSideOrientation": 0,
			"parentId": "c8c0d8ff-6cc4-45bb-99ae-b311604839b2",
			"isUnIndexed": false,
			"geometryId": "bbf82cc2-db1b-43d0-9c2b-466d8e5e4e94",
			"subMeshes": null,
			"materialId": "b79a48a5-4105-42d4-8013-f50ff0276ee9",
			"metadata": {
				"basePoseMatrix": {
					"0": -0.9481220841407776,
					"1": -0.0012004646705463529,
					"2": 0.3179042339324951,
					"3": 0,
					"4": 0.15434668958187103,
					"5": 0.8724868297576904,
					"6": 0.46362030506134033,
					"7": 0,
					"8": 0.2779237926006317,
					"9": -0.4886361062526703,
					"10": 0.8270387649536133,
					"11": 0,
					"12": 2.373300790786743,
					"13": 11.103605270385742,
					"14": -0.7127842307090759,
					"15": 1
				},
				"originalSourceFile": {
					"id": "International_Space_Station_Solar_Array_004_primitive1",
					"name": "International_Space_Station_Solar_Array_004_primitive1",
					"sceneFileName": "SATELLITE/satelite.glb"
				},
				"isPickable": false
			},
			"instances": [],
			"animations": [],
			"ranges": [],
			"layerMask": 268435455,
			"alphaIndex": 1.7976931348623157e+308,
			"hasVertexAlpha": false,
			"overlayAlpha": 0.5,
			"overlayColor": [
				1,
				0,
				0
			],
			"applyFog": true,
			"delayLoadingFile": "geometries/bbf82cc2-db1b-43d0-9c2b-466d8e5e4e94.babylonbinarymeshdata",
			"boundingBoxMaximum": [
				-0.9845280051231384,
				12.717795372009277,
				39.3082160949707
			],
			"boundingBoxMinimum": [
				-5.610172748565674,
				12.341724395751953,
				25.393695831298828
			],
			"_binaryInfo": {
				"positionsAttrDesc": {
					"count": 708,
					"stride": 3,
					"offset": 0,
					"dataType": 1
				},
				"normalsAttrDesc": {
					"count": 708,
					"stride": 3,
					"offset": 2832,
					"dataType": 1
				},
				"uvsAttrDesc": {
					"count": 472,
					"stride": 2,
					"offset": 5664,
					"dataType": 1
				},
				"uvs2AttrDesc": {
					"count": 472,
					"stride": 2,
					"offset": 7552,
					"dataType": 1
				},
				"tangetsAttrDesc": {
					"count": 944,
					"stride": 3,
					"offset": 9440,
					"dataType": 1
				},
				"indicesAttrDesc": {
					"count": 600,
					"stride": 1,
					"offset": 13216,
					"dataType": 0
				},
				"subMeshesAttrDesc": {
					"count": 1,
					"stride": 5,
					"offset": 15616,
					"dataType": 0
				}
			},
			"positions": null,
			"normals": null,
			"uvs": null,
			"hasUVs": true,
			"uv2s": null,
			"hasUVs2": true,
			"tangents": null,
			"indices": null
		}
	],
	"multiMaterials": [],
	"lods": []
}