{
	"materials": [],
	"meshes": [
		{
			"name": "Mars9",
			"id": "f395683c-a51f-4231-95ca-2dcbc27da0c4",
			"uniqueId": 3792,
			"type": "Mesh",
			"position": [
				-17.6999989,
				2.39999986,
				15.1999998
			],
			"rotationQuaternion": [
				0,
				0,
				0.342020154,
				0.939692616
			],
			"scaling": [
				0.0149999997,
				0.0149999997,
				0.0149999997
			],
			"localMatrix": {
				"0": 1,
				"1": 0,
				"2": 0,
				"3": 0,
				"4": 0,
				"5": 1,
				"6": 0,
				"7": 0,
				"8": 0,
				"9": 0,
				"10": 1,
				"11": 0,
				"12": 0,
				"13": 0,
				"14": 0,
				"15": 1
			},
			"isEnabled": true,
			"isVisible": true,
			"infiniteDistance": false,
			"pickable": true,
			"receiveShadows": false,
			"billboardMode": 0,
			"visibility": 1,
			"checkCollisions": false,
			"isBlocker": false,
			"overrideMaterialSideOrientation": 0,
			"parentId": "27a4641d-3b0a-4789-a2d0-435e9d4671cb",
			"isUnIndexed": false,
			"geometryId": "20a674da-d5d1-45b1-b97b-dc7fdb2acce2",
			"subMeshes": null,
			"materialId": "b7b434a4-7c69-49a6-a4b0-96cc594b475e",
			"metadata": {
				"basePoseMatrix": {
					"0": -51.06962966918945,
					"1": 42.852508544921875,
					"2": 0,
					"3": 0,
					"4": 42.852508544921875,
					"5": 51.06962966918945,
					"6": 0,
					"7": 0,
					"8": 0,
					"9": 0,
					"10": 66.66667175292969,
					"11": 0,
					"12": 801.0863647460938,
					"13": -881.0564575195312,
					"14": -1013.3333129882812,
					"15": 1
				},
				"originalSourceFile": {
					"id": "Mars9",
					"name": "Mars9",
					"sceneFileName": "SOLAR SYSTEM/solarsystem.glb"
				},
				"isPickable": false
			},
			"instances": [],
			"animations": [],
			"ranges": [],
			"layerMask": 268435455,
			"alphaIndex": 1.7976931348623157e+308,
			"hasVertexAlpha": false,
			"overlayAlpha": 0.3,
			"overlayColor": [
				1,
				0,
				0
			],
			"applyFog": true,
			"delayLoadingFile": "geometries/20a674da-d5d1-45b1-b97b-dc7fdb2acce2.babylonbinarymeshdata",
			"boundingBoxMaximum": [
				99.99994659423828,
				100.00001525878906,
				99.99990844726562
			],
			"boundingBoxMinimum": [
				-99.99986267089844,
				-100.00001525878906,
				-99.99983978271484
			],
			"_binaryInfo": {
				"positionsAttrDesc": {
					"count": 35310,
					"stride": 3,
					"offset": 0,
					"dataType": 1
				},
				"normalsAttrDesc": {
					"count": 35310,
					"stride": 3,
					"offset": 141240,
					"dataType": 1
				},
				"uvsAttrDesc": {
					"count": 23540,
					"stride": 2,
					"offset": 282480,
					"dataType": 1
				},
				"uvs2AttrDesc": {
					"count": 23540,
					"stride": 2,
					"offset": 376640,
					"dataType": 1
				},
				"tangetsAttrDesc": {
					"count": 47080,
					"stride": 3,
					"offset": 470800,
					"dataType": 1
				},
				"indicesAttrDesc": {
					"count": 17664,
					"stride": 1,
					"offset": 659120,
					"dataType": 0
				},
				"subMeshesAttrDesc": {
					"count": 1,
					"stride": 5,
					"offset": 729776,
					"dataType": 0
				}
			},
			"positions": null,
			"normals": null,
			"uvs": null,
			"hasUVs": true,
			"uv2s": null,
			"hasUVs2": true,
			"tangents": null,
			"indices": null
		}
	],
	"multiMaterials": [],
	"lods": []
}