{
	"materials": [],
	"meshes": [
		{
			"name": "Mars7",
			"id": "4b538763-af27-4ac7-84cf-48d6f36bab89",
			"uniqueId": 3796,
			"type": "Mesh",
			"position": [
				-25.1000004,
				0.199999988,
				4.29999971
			],
			"rotationQuaternion": [
				-0.0151344351,
				-0.0858316496,
				0.172987387,
				0.981060266
			],
			"scaling": [
				0.0374999978,
				0.0374999978,
				0.0374999978
			],
			"localMatrix": {
				"0": 1,
				"1": 0,
				"2": 0,
				"3": 0,
				"4": 0,
				"5": 1,
				"6": 0,
				"7": 0,
				"8": 0,
				"9": 0,
				"10": 1,
				"11": 0,
				"12": 0,
				"13": 0,
				"14": 0,
				"15": 1
			},
			"isEnabled": true,
			"isVisible": true,
			"infiniteDistance": false,
			"pickable": true,
			"receiveShadows": false,
			"billboardMode": 0,
			"visibility": 1,
			"checkCollisions": false,
			"isBlocker": false,
			"overrideMaterialSideOrientation": 0,
			"parentId": "27a4641d-3b0a-4789-a2d0-435e9d4671cb",
			"isUnIndexed": false,
			"geometryId": "b700c12c-d162-425a-be0e-e22ac50f75d4",
			"subMeshes": null,
			"materialId": "00a94b9b-1a3c-40da-90ba-991ac78072a8",
			"metadata": {
				"basePoseMatrix": {
					"0": -24.677776336669922,
					"1": 8.981976509094238,
					"2": 4.630618095397949,
					"3": 0,
					"4": 9.120537757873535,
					"5": 25.0584716796875,
					"6": 9.310085147262726e-9,
					"7": 0,
					"8": 4.351357460021973,
					"9": -1.583764672279358,
					"10": 26.26154136657715,
					"11": 0,
					"12": 598.8772583007812,
					"13": -223.64910888671875,
					"14": -229.15313720703125,
					"15": 1
				},
				"originalSourceFile": {
					"id": "Mars7",
					"name": "Mars7",
					"sceneFileName": "SOLAR SYSTEM/solarsystem.glb"
				},
				"isPickable": false
			},
			"instances": [],
			"animations": [],
			"ranges": [],
			"layerMask": 268435455,
			"alphaIndex": 1.7976931348623157e+308,
			"hasVertexAlpha": false,
			"overlayAlpha": 0.3,
			"overlayColor": [
				1,
				0,
				0
			],
			"applyFog": true,
			"delayLoadingFile": "geometries/b700c12c-d162-425a-be0e-e22ac50f75d4.babylonbinarymeshdata",
			"boundingBoxMaximum": [
				99.99994659423828,
				100.00001525878906,
				99.99990844726562
			],
			"boundingBoxMinimum": [
				-99.99986267089844,
				-100.00001525878906,
				-99.99983978271484
			],
			"_binaryInfo": {
				"positionsAttrDesc": {
					"count": 35310,
					"stride": 3,
					"offset": 0,
					"dataType": 1
				},
				"normalsAttrDesc": {
					"count": 35310,
					"stride": 3,
					"offset": 141240,
					"dataType": 1
				},
				"uvsAttrDesc": {
					"count": 23540,
					"stride": 2,
					"offset": 282480,
					"dataType": 1
				},
				"uvs2AttrDesc": {
					"count": 23540,
					"stride": 2,
					"offset": 376640,
					"dataType": 1
				},
				"tangetsAttrDesc": {
					"count": 47080,
					"stride": 3,
					"offset": 470800,
					"dataType": 1
				},
				"indicesAttrDesc": {
					"count": 17664,
					"stride": 1,
					"offset": 659120,
					"dataType": 0
				},
				"subMeshesAttrDesc": {
					"count": 1,
					"stride": 5,
					"offset": 729776,
					"dataType": 0
				}
			},
			"positions": null,
			"normals": null,
			"uvs": null,
			"hasUVs": true,
			"uv2s": null,
			"hasUVs2": true,
			"tangents": null,
			"indices": null
		}
	],
	"multiMaterials": [],
	"lods": []
}