{
	"materials": [],
	"meshes": [
		{
			"name": "nasa_swassubmillimeter_wave_astronomy_satellite_Object_21",
			"id": "ee9257cf-b697-4e61-9061-fbe1bc72e2ed",
			"uniqueId": 564,
			"type": "Mesh",
			"position": [
				38.6479378,
				5.5999999,
				15.5563707
			],
			"rotationQuaternion": [
				-0.171010077,
				0.171010077,
				0.0301536899,
				0.969846308
			],
			"scaling": [
				1.5,
				1.5,
				1.5
			],
			"localMatrix": {
				"0": 1,
				"1": 0,
				"2": 0,
				"3": 0,
				"4": 0,
				"5": 1,
				"6": 0,
				"7": 0,
				"8": 0,
				"9": 0,
				"10": 1,
				"11": 0,
				"12": 0,
				"13": 0,
				"14": 0,
				"15": 1
			},
			"isEnabled": true,
			"isVisible": true,
			"infiniteDistance": false,
			"pickable": true,
			"receiveShadows": false,
			"billboardMode": 0,
			"visibility": 1,
			"checkCollisions": false,
			"isBlocker": false,
			"overrideMaterialSideOrientation": 0,
			"parentId": "0a6b7be4-2db0-4d3e-8950-feeb9d902670",
			"isUnIndexed": false,
			"geometryId": "05abd45f-6be5-48bc-8d7e-57c46f9d3a1a",
			"subMeshes": null,
			"materialId": "17d62962-345f-40e9-9810-00d91eaffd6b",
			"metadata": {
				"basePoseMatrix": {
					"0": -0.6264617443084717,
					"1": 0.07798518240451813,
					"2": -0.21426253020763397,
					"3": 0,
					"4": 8.744827639795005e-10,
					"5": 0.6264617443084717,
					"6": 0.22801342606544495,
					"7": 0,
					"8": -0.22801342606544495,
					"9": -0.21426253020763397,
					"10": 0.5886814594268799,
					"11": 0,
					"12": -20.664392471313477,
					"13": 2.83892822265625,
					"14": -18.71542739868164,
					"15": 1
				},
				"originalSourceFile": {
					"id": "nasa_swassubmillimeter_wave_astronomy_satellite_Object_21",
					"name": "nasa_swassubmillimeter_wave_astronomy_satellite_Object_21",
					"sceneFileName": "SATELLITE/satelite.glb"
				},
				"isPickable": false
			},
			"instances": [],
			"animations": [],
			"ranges": [],
			"layerMask": 268435455,
			"alphaIndex": 1.7976931348623157e+308,
			"hasVertexAlpha": false,
			"overlayAlpha": 0.5,
			"overlayColor": [
				1,
				0,
				0
			],
			"applyFog": true,
			"delayLoadingFile": "geometries/05abd45f-6be5-48bc-8d7e-57c46f9d3a1a.babylonbinarymeshdata",
			"boundingBoxMaximum": [
				3.264479875564575,
				0.3779539465904236,
				1.4526045322418213
			],
			"boundingBoxMinimum": [
				1.7755504846572876,
				-0.8108270168304443,
				-1.4543555974960327
			],
			"_binaryInfo": {
				"positionsAttrDesc": {
					"count": 351,
					"stride": 3,
					"offset": 0,
					"dataType": 1
				},
				"normalsAttrDesc": {
					"count": 351,
					"stride": 3,
					"offset": 1404,
					"dataType": 1
				},
				"uvsAttrDesc": {
					"count": 234,
					"stride": 2,
					"offset": 2808,
					"dataType": 1
				},
				"uvs2AttrDesc": {
					"count": 234,
					"stride": 2,
					"offset": 3744,
					"dataType": 1
				},
				"tangetsAttrDesc": {
					"count": 468,
					"stride": 3,
					"offset": 4680,
					"dataType": 1
				},
				"indicesAttrDesc": {
					"count": 255,
					"stride": 1,
					"offset": 6552,
					"dataType": 0
				},
				"subMeshesAttrDesc": {
					"count": 1,
					"stride": 5,
					"offset": 7572,
					"dataType": 0
				}
			},
			"positions": null,
			"normals": null,
			"uvs": null,
			"hasUVs": true,
			"uv2s": null,
			"hasUVs2": true,
			"tangents": null,
			"indices": null
		}
	],
	"multiMaterials": [],
	"lods": []
}