{
	"materials": [],
	"meshes": [
		{
			"name": "nasa_swassubmillimeter_wave_astronomy_satellite_Object_4",
			"id": "2cc87227-078a-4f8e-9c1a-694a71ec4daf",
			"uniqueId": 513,
			"type": "Mesh",
			"position": [
				38.6479378,
				5.5999999,
				15.5563707
			],
			"rotationQuaternion": [
				-0.171010077,
				0.171010077,
				0.0301536899,
				0.969846308
			],
			"scaling": [
				1.5,
				1.5,
				1.5
			],
			"localMatrix": {
				"0": 1,
				"1": 0,
				"2": 0,
				"3": 0,
				"4": 0,
				"5": 1,
				"6": 0,
				"7": 0,
				"8": 0,
				"9": 0,
				"10": 1,
				"11": 0,
				"12": 0,
				"13": 0,
				"14": 0,
				"15": 1
			},
			"isEnabled": true,
			"isVisible": true,
			"infiniteDistance": false,
			"pickable": true,
			"receiveShadows": false,
			"billboardMode": 0,
			"visibility": 1,
			"checkCollisions": false,
			"isBlocker": false,
			"overrideMaterialSideOrientation": 0,
			"parentId": "0a6b7be4-2db0-4d3e-8950-feeb9d902670",
			"isUnIndexed": false,
			"geometryId": "cbd93f04-779d-47cd-a724-5da486fff363",
			"subMeshes": null,
			"materialId": "3462865a-7362-498f-ad50-01edb0a4323f",
			"metadata": {
				"basePoseMatrix": {
					"0": -0.6264617443084717,
					"1": 0.07798518240451813,
					"2": -0.21426253020763397,
					"3": 0,
					"4": 8.744827639795005e-10,
					"5": 0.6264617443084717,
					"6": 0.22801342606544495,
					"7": 0,
					"8": -0.22801342606544495,
					"9": -0.21426253020763397,
					"10": 0.5886814594268799,
					"11": 0,
					"12": -20.664392471313477,
					"13": 2.83892822265625,
					"14": -18.71542739868164,
					"15": 1
				},
				"originalSourceFile": {
					"id": "nasa_swassubmillimeter_wave_astronomy_satellite_Object_4",
					"name": "nasa_swassubmillimeter_wave_astronomy_satellite_Object_4",
					"sceneFileName": "SATELLITE/satelite.glb"
				},
				"isPickable": false
			},
			"instances": [],
			"animations": [],
			"ranges": [],
			"layerMask": 268435455,
			"alphaIndex": 1.7976931348623157e+308,
			"hasVertexAlpha": false,
			"overlayAlpha": 0.5,
			"overlayColor": [
				1,
				0,
				0
			],
			"applyFog": true,
			"delayLoadingFile": "geometries/cbd93f04-779d-47cd-a724-5da486fff363.babylonbinarymeshdata",
			"boundingBoxMaximum": [
				1.6053595542907715,
				1.6391253471374512,
				0.06613698601722717
			],
			"boundingBoxMinimum": [
				-0.9587768912315369,
				-1.2290116548538208,
				-0.4681272506713867
			],
			"_binaryInfo": {
				"positionsAttrDesc": {
					"count": 996,
					"stride": 3,
					"offset": 0,
					"dataType": 1
				},
				"normalsAttrDesc": {
					"count": 996,
					"stride": 3,
					"offset": 3984,
					"dataType": 1
				},
				"uvsAttrDesc": {
					"count": 664,
					"stride": 2,
					"offset": 7968,
					"dataType": 1
				},
				"uvs2AttrDesc": {
					"count": 664,
					"stride": 2,
					"offset": 10624,
					"dataType": 1
				},
				"tangetsAttrDesc": {
					"count": 1328,
					"stride": 3,
					"offset": 13280,
					"dataType": 1
				},
				"indicesAttrDesc": {
					"count": 612,
					"stride": 1,
					"offset": 18592,
					"dataType": 0
				},
				"subMeshesAttrDesc": {
					"count": 1,
					"stride": 5,
					"offset": 21040,
					"dataType": 0
				}
			},
			"positions": null,
			"normals": null,
			"uvs": null,
			"hasUVs": true,
			"uv2s": null,
			"hasUVs2": true,
			"tangents": null,
			"indices": null
		}
	],
	"multiMaterials": [],
	"lods": []
}