{
	"materials": [],
	"meshes": [
		{
			"name": "nasa_swassubmillimeter_wave_astronomy_satellite_Object_20",
			"id": "187f9168-0f83-4719-a955-2d42dde84e18",
			"uniqueId": 561,
			"type": "Mesh",
			"position": [
				38.6479378,
				5.5999999,
				15.5563707
			],
			"rotationQuaternion": [
				-0.171010077,
				0.171010077,
				0.0301536899,
				0.969846308
			],
			"scaling": [
				1.5,
				1.5,
				1.5
			],
			"localMatrix": {
				"0": 1,
				"1": 0,
				"2": 0,
				"3": 0,
				"4": 0,
				"5": 1,
				"6": 0,
				"7": 0,
				"8": 0,
				"9": 0,
				"10": 1,
				"11": 0,
				"12": 0,
				"13": 0,
				"14": 0,
				"15": 1
			},
			"isEnabled": true,
			"isVisible": true,
			"infiniteDistance": false,
			"pickable": true,
			"receiveShadows": false,
			"billboardMode": 0,
			"visibility": 1,
			"checkCollisions": false,
			"isBlocker": false,
			"overrideMaterialSideOrientation": 0,
			"parentId": "0a6b7be4-2db0-4d3e-8950-feeb9d902670",
			"isUnIndexed": false,
			"geometryId": "e9155d65-7170-4388-998d-4acf333a29eb",
			"subMeshes": null,
			"materialId": "bd8c2eab-f30e-4aa6-85bd-18342c42e1f8",
			"metadata": {
				"basePoseMatrix": {
					"0": -0.6264617443084717,
					"1": 0.07798518240451813,
					"2": -0.21426253020763397,
					"3": 0,
					"4": 8.744827639795005e-10,
					"5": 0.6264617443084717,
					"6": 0.22801342606544495,
					"7": 0,
					"8": -0.22801342606544495,
					"9": -0.21426253020763397,
					"10": 0.5886814594268799,
					"11": 0,
					"12": -20.664392471313477,
					"13": 2.83892822265625,
					"14": -18.71542739868164,
					"15": 1
				},
				"originalSourceFile": {
					"id": "nasa_swassubmillimeter_wave_astronomy_satellite_Object_20",
					"name": "nasa_swassubmillimeter_wave_astronomy_satellite_Object_20",
					"sceneFileName": "SATELLITE/satelite.glb"
				},
				"isPickable": false
			},
			"instances": [],
			"animations": [],
			"ranges": [],
			"layerMask": 268435455,
			"alphaIndex": 1.7976931348623157e+308,
			"hasVertexAlpha": false,
			"overlayAlpha": 0.5,
			"overlayColor": [
				1,
				0,
				0
			],
			"applyFog": true,
			"delayLoadingFile": "geometries/e9155d65-7170-4388-998d-4acf333a29eb.babylonbinarymeshdata",
			"boundingBoxMaximum": [
				3.4270083904266357,
				1.3922005891799927,
				1.335734248161316
			],
			"boundingBoxMinimum": [
				1.780093789100647,
				0.354467511177063,
				-1.337485432624817
			],
			"_binaryInfo": {
				"positionsAttrDesc": {
					"count": 126,
					"stride": 3,
					"offset": 0,
					"dataType": 1
				},
				"normalsAttrDesc": {
					"count": 126,
					"stride": 3,
					"offset": 504,
					"dataType": 1
				},
				"uvsAttrDesc": {
					"count": 84,
					"stride": 2,
					"offset": 1008,
					"dataType": 1
				},
				"uvs2AttrDesc": {
					"count": 84,
					"stride": 2,
					"offset": 1344,
					"dataType": 1
				},
				"tangetsAttrDesc": {
					"count": 168,
					"stride": 3,
					"offset": 1680,
					"dataType": 1
				},
				"indicesAttrDesc": {
					"count": 120,
					"stride": 1,
					"offset": 2352,
					"dataType": 0
				},
				"subMeshesAttrDesc": {
					"count": 1,
					"stride": 5,
					"offset": 2832,
					"dataType": 0
				}
			},
			"positions": null,
			"normals": null,
			"uvs": null,
			"hasUVs": true,
			"uv2s": null,
			"hasUVs2": true,
			"tangents": null,
			"indices": null
		}
	],
	"multiMaterials": [],
	"lods": []
}