{
	"materials": [],
	"meshes": [
		{
			"name": "nasa_swassubmillimeter_wave_astronomy_satellite_Object_12",
			"id": "3e530420-b603-437f-a96a-716be86a44bb",
			"uniqueId": 537,
			"type": "Mesh",
			"position": [
				38.6479378,
				5.5999999,
				15.5563707
			],
			"rotationQuaternion": [
				-0.171010077,
				0.171010077,
				0.0301536899,
				0.969846308
			],
			"scaling": [
				1.5,
				1.5,
				1.5
			],
			"localMatrix": {
				"0": 1,
				"1": 0,
				"2": 0,
				"3": 0,
				"4": 0,
				"5": 1,
				"6": 0,
				"7": 0,
				"8": 0,
				"9": 0,
				"10": 1,
				"11": 0,
				"12": 0,
				"13": 0,
				"14": 0,
				"15": 1
			},
			"isEnabled": true,
			"isVisible": true,
			"infiniteDistance": false,
			"pickable": true,
			"receiveShadows": false,
			"billboardMode": 0,
			"visibility": 1,
			"checkCollisions": false,
			"isBlocker": false,
			"overrideMaterialSideOrientation": 0,
			"parentId": "0a6b7be4-2db0-4d3e-8950-feeb9d902670",
			"isUnIndexed": false,
			"geometryId": "e0800963-cf60-4bec-8399-9010b686cfd7",
			"subMeshes": null,
			"materialId": "176de1f4-8b41-4c75-9a65-a5dc5d5e132c",
			"metadata": {
				"basePoseMatrix": {
					"0": -0.6264617443084717,
					"1": 0.07798518240451813,
					"2": -0.21426253020763397,
					"3": 0,
					"4": 8.744827639795005e-10,
					"5": 0.6264617443084717,
					"6": 0.22801342606544495,
					"7": 0,
					"8": -0.22801342606544495,
					"9": -0.21426253020763397,
					"10": 0.5886814594268799,
					"11": 0,
					"12": -20.664392471313477,
					"13": 2.83892822265625,
					"14": -18.71542739868164,
					"15": 1
				},
				"originalSourceFile": {
					"id": "nasa_swassubmillimeter_wave_astronomy_satellite_Object_12",
					"name": "nasa_swassubmillimeter_wave_astronomy_satellite_Object_12",
					"sceneFileName": "SATELLITE/satelite.glb"
				},
				"isPickable": false
			},
			"instances": [],
			"animations": [],
			"ranges": [],
			"layerMask": 268435455,
			"alphaIndex": 1.7976931348623157e+308,
			"hasVertexAlpha": false,
			"overlayAlpha": 0.3,
			"overlayColor": [
				1,
				0,
				0
			],
			"applyFog": true,
			"delayLoadingFile": "geometries/e0800963-cf60-4bec-8399-9010b686cfd7.babylonbinarymeshdata",
			"boundingBoxMaximum": [
				1.7258237600326538,
				1.2864246368408203,
				5.782866477966309
			],
			"boundingBoxMinimum": [
				-1.0471702814102173,
				0.36078643798828125,
				-5.786200523376465
			],
			"_binaryInfo": {
				"positionsAttrDesc": {
					"count": 816,
					"stride": 3,
					"offset": 0,
					"dataType": 1
				},
				"normalsAttrDesc": {
					"count": 816,
					"stride": 3,
					"offset": 3264,
					"dataType": 1
				},
				"uvsAttrDesc": {
					"count": 544,
					"stride": 2,
					"offset": 6528,
					"dataType": 1
				},
				"uvs2AttrDesc": {
					"count": 544,
					"stride": 2,
					"offset": 8704,
					"dataType": 1
				},
				"tangetsAttrDesc": {
					"count": 1088,
					"stride": 3,
					"offset": 10880,
					"dataType": 1
				},
				"indicesAttrDesc": {
					"count": 450,
					"stride": 1,
					"offset": 15232,
					"dataType": 0
				},
				"subMeshesAttrDesc": {
					"count": 1,
					"stride": 5,
					"offset": 17032,
					"dataType": 0
				}
			},
			"positions": null,
			"normals": null,
			"uvs": null,
			"hasUVs": true,
			"uv2s": null,
			"hasUVs2": true,
			"tangents": null,
			"indices": null
		}
	],
	"multiMaterials": [],
	"lods": []
}