{
	"materials": [],
	"meshes": [
		{
			"name": "nasa_swassubmillimeter_wave_astronomy_satellite_Object_14",
			"id": "a7d36851-d0db-464e-aed3-6be658ae3e96",
			"uniqueId": 543,
			"type": "Mesh",
			"position": [
				38.6479378,
				5.5999999,
				15.5563707
			],
			"rotationQuaternion": [
				-0.171010077,
				0.171010077,
				0.0301536899,
				0.969846308
			],
			"scaling": [
				1.5,
				1.5,
				1.5
			],
			"localMatrix": {
				"0": 1,
				"1": 0,
				"2": 0,
				"3": 0,
				"4": 0,
				"5": 1,
				"6": 0,
				"7": 0,
				"8": 0,
				"9": 0,
				"10": 1,
				"11": 0,
				"12": 0,
				"13": 0,
				"14": 0,
				"15": 1
			},
			"isEnabled": true,
			"isVisible": true,
			"infiniteDistance": false,
			"pickable": true,
			"receiveShadows": false,
			"billboardMode": 0,
			"visibility": 1,
			"checkCollisions": false,
			"isBlocker": false,
			"overrideMaterialSideOrientation": 0,
			"parentId": "0a6b7be4-2db0-4d3e-8950-feeb9d902670",
			"isUnIndexed": false,
			"geometryId": "bde8a08e-c140-425f-a686-82ca671067b0",
			"subMeshes": null,
			"materialId": "bc4d83dc-4131-4064-a8cc-58b891364e1b",
			"metadata": {
				"basePoseMatrix": {
					"0": -0.6264617443084717,
					"1": 0.07798518240451813,
					"2": -0.21426253020763397,
					"3": 0,
					"4": 8.744827639795005e-10,
					"5": 0.6264617443084717,
					"6": 0.22801342606544495,
					"7": 0,
					"8": -0.22801342606544495,
					"9": -0.21426253020763397,
					"10": 0.5886814594268799,
					"11": 0,
					"12": -20.664392471313477,
					"13": 2.83892822265625,
					"14": -18.71542739868164,
					"15": 1
				},
				"originalSourceFile": {
					"id": "nasa_swassubmillimeter_wave_astronomy_satellite_Object_14",
					"name": "nasa_swassubmillimeter_wave_astronomy_satellite_Object_14",
					"sceneFileName": "SATELLITE/satelite.glb"
				},
				"isPickable": false
			},
			"instances": [],
			"animations": [],
			"ranges": [],
			"layerMask": 268435455,
			"alphaIndex": 1.7976931348623157e+308,
			"hasVertexAlpha": false,
			"overlayAlpha": 0.3,
			"overlayColor": [
				1,
				0,
				0
			],
			"applyFog": true,
			"delayLoadingFile": "geometries/bde8a08e-c140-425f-a686-82ca671067b0.babylonbinarymeshdata",
			"boundingBoxMaximum": [
				1.726503610610962,
				1.2940196990966797,
				5.760817050933838
			],
			"boundingBoxMinimum": [
				-1.046281337738037,
				0.4157067537307739,
				-5.764151573181152
			],
			"_binaryInfo": {
				"positionsAttrDesc": {
					"count": 13644,
					"stride": 3,
					"offset": 0,
					"dataType": 1
				},
				"normalsAttrDesc": {
					"count": 13644,
					"stride": 3,
					"offset": 54576,
					"dataType": 1
				},
				"uvsAttrDesc": {
					"count": 9096,
					"stride": 2,
					"offset": 109152,
					"dataType": 1
				},
				"uvs2AttrDesc": {
					"count": 9096,
					"stride": 2,
					"offset": 145536,
					"dataType": 1
				},
				"tangetsAttrDesc": {
					"count": 18192,
					"stride": 3,
					"offset": 181920,
					"dataType": 1
				},
				"indicesAttrDesc": {
					"count": 5940,
					"stride": 1,
					"offset": 254688,
					"dataType": 0
				},
				"subMeshesAttrDesc": {
					"count": 1,
					"stride": 5,
					"offset": 278448,
					"dataType": 0
				}
			},
			"positions": null,
			"normals": null,
			"uvs": null,
			"hasUVs": true,
			"uv2s": null,
			"hasUVs2": true,
			"tangents": null,
			"indices": null
		}
	],
	"multiMaterials": [],
	"lods": []
}