{
	"materials": [],
	"meshes": [
		{
			"name": "nasaconae_aquarius_spacecraft_tex_01_0",
			"id": "fe5ed34f-9004-49af-b2a4-0f586a98b92f",
			"uniqueId": 595,
			"type": "Mesh",
			"position": [
				41,
				7.10217047,
				-7.27371883
			],
			"rotationQuaternion": [
				0.57357645,
				0,
				0,
				0.819152057
			],
			"scaling": [
				2,
				2,
				2
			],
			"localMatrix": {
				"0": 1,
				"1": 0,
				"2": 0,
				"3": 0,
				"4": 0,
				"5": 1,
				"6": 0,
				"7": 0,
				"8": 0,
				"9": 0,
				"10": 1,
				"11": 0,
				"12": 0,
				"13": 0,
				"14": 0,
				"15": 1
			},
			"isEnabled": true,
			"isVisible": true,
			"infiniteDistance": false,
			"pickable": true,
			"receiveShadows": false,
			"billboardMode": 0,
			"visibility": 1,
			"checkCollisions": false,
			"isBlocker": false,
			"overrideMaterialSideOrientation": 0,
			"parentId": "0a6b7be4-2db0-4d3e-8950-feeb9d902670",
			"isUnIndexed": false,
			"geometryId": "a246623d-a6ee-48aa-ad29-5fb40ddb9919",
			"subMeshes": null,
			"materialId": "02f8b9b8-91c8-43c8-9640-01638e2ecbb1",
			"metadata": {
				"basePoseMatrix": {
					"0": -0.5,
					"1": 0,
					"2": 0,
					"3": 0,
					"4": 0,
					"5": 0.17101004719734192,
					"6": -0.46984630823135376,
					"7": 0,
					"8": 0,
					"9": 0.46984630823135376,
					"10": 0.17101004719734192,
					"11": 0,
					"12": -20.5,
					"13": 2.2029874324798584,
					"14": 4.580807685852051,
					"15": 1
				},
				"originalSourceFile": {
					"id": "nasaconae_aquarius_spacecraft_tex_01_0",
					"name": "nasaconae_aquarius_spacecraft_tex_01_0",
					"sceneFileName": "SATELLITE/satelite.glb"
				},
				"isPickable": false
			},
			"instances": [],
			"animations": [],
			"ranges": [],
			"layerMask": 268435455,
			"alphaIndex": 1.7976931348623157e+308,
			"hasVertexAlpha": false,
			"overlayAlpha": 0.3,
			"overlayColor": [
				1,
				0,
				0
			],
			"applyFog": true,
			"delayLoadingFile": "geometries/a246623d-a6ee-48aa-ad29-5fb40ddb9919.babylonbinarymeshdata",
			"boundingBoxMaximum": [
				1.1321364641189575,
				2.2541306018829346,
				2.486581325531006
			],
			"boundingBoxMinimum": [
				-1.2338922023773193,
				-1.3227399587631226,
				-2.486557722091675
			],
			"_binaryInfo": {
				"positionsAttrDesc": {
					"count": 19290,
					"stride": 3,
					"offset": 0,
					"dataType": 1
				},
				"normalsAttrDesc": {
					"count": 19290,
					"stride": 3,
					"offset": 77160,
					"dataType": 1
				},
				"uvsAttrDesc": {
					"count": 12860,
					"stride": 2,
					"offset": 154320,
					"dataType": 1
				},
				"uvs2AttrDesc": {
					"count": 12860,
					"stride": 2,
					"offset": 205760,
					"dataType": 1
				},
				"tangetsAttrDesc": {
					"count": 25720,
					"stride": 3,
					"offset": 257200,
					"dataType": 1
				},
				"indicesAttrDesc": {
					"count": 13776,
					"stride": 1,
					"offset": 360080,
					"dataType": 0
				},
				"subMeshesAttrDesc": {
					"count": 1,
					"stride": 5,
					"offset": 415184,
					"dataType": 0
				}
			},
			"positions": null,
			"normals": null,
			"uvs": null,
			"hasUVs": true,
			"uv2s": null,
			"hasUVs2": true,
			"tangents": null,
			"indices": null
		}
	],
	"multiMaterials": [],
	"lods": []
}