{
	"materials": [],
	"meshes": [
		{
			"name": "nasacnes_topexposeidon_satellite_Object_12",
			"id": "018c3b93-158e-4309-9492-a87573617507",
			"uniqueId": 470,
			"type": "Mesh",
			"position": [
				28.4631214,
				4,
				27.785078
			],
			"rotationQuaternion": [
				0,
				-0.939692616,
				0,
				0.342020154
			],
			"scaling": [
				1,
				1,
				1
			],
			"localMatrix": {
				"0": 1,
				"1": 0,
				"2": 0,
				"3": 0,
				"4": 0,
				"5": 1,
				"6": 0,
				"7": 0,
				"8": 0,
				"9": 0,
				"10": 1,
				"11": 0,
				"12": 0,
				"13": 0,
				"14": 0,
				"15": 1
			},
			"isEnabled": true,
			"isVisible": true,
			"infiniteDistance": false,
			"pickable": true,
			"receiveShadows": false,
			"billboardMode": 0,
			"visibility": 1,
			"checkCollisions": false,
			"isBlocker": false,
			"overrideMaterialSideOrientation": 0,
			"parentId": "0a6b7be4-2db0-4d3e-8950-feeb9d902670",
			"isUnIndexed": false,
			"geometryId": "e710f078-70cb-4db0-8805-5cc5e8c17c01",
			"subMeshes": null,
			"materialId": "e37d9cea-ced3-4bc5-85b7-479d0b469f47",
			"metadata": {
				"basePoseMatrix": {
					"0": 0.7660444378852844,
					"1": 0,
					"2": 0.6427876353263855,
					"3": 0,
					"4": 0,
					"5": 1,
					"6": 0,
					"7": 0,
					"8": 0.6427876353263855,
					"9": 0,
					"10": -0.7660444378852844,
					"11": 0,
					"12": 3.9441111087799072,
					"13": -4,
					"14": 39.580345153808594,
					"15": 1
				},
				"originalSourceFile": {
					"id": "nasacnes_topexposeidon_satellite_Object_12",
					"name": "nasacnes_topexposeidon_satellite_Object_12",
					"sceneFileName": "SATELLITE/satelite.glb"
				},
				"isPickable": false
			},
			"instances": [],
			"animations": [],
			"ranges": [],
			"layerMask": 268435455,
			"alphaIndex": 1.7976931348623157e+308,
			"hasVertexAlpha": false,
			"overlayAlpha": 0.5,
			"overlayColor": [
				1,
				0,
				0
			],
			"applyFog": true,
			"delayLoadingFile": "geometries/e710f078-70cb-4db0-8805-5cc5e8c17c01.babylonbinarymeshdata",
			"boundingBoxMaximum": [
				2.2215003967285156,
				2.192732095718384,
				0.6094390749931335
			],
			"boundingBoxMinimum": [
				-12.188764572143555,
				-1.9641108512878418,
				-4.672680377960205
			],
			"_binaryInfo": {
				"positionsAttrDesc": {
					"count": 456,
					"stride": 3,
					"offset": 0,
					"dataType": 1
				},
				"normalsAttrDesc": {
					"count": 456,
					"stride": 3,
					"offset": 1824,
					"dataType": 1
				},
				"uvsAttrDesc": {
					"count": 304,
					"stride": 2,
					"offset": 3648,
					"dataType": 1
				},
				"uvs2AttrDesc": {
					"count": 304,
					"stride": 2,
					"offset": 4864,
					"dataType": 1
				},
				"tangetsAttrDesc": {
					"count": 608,
					"stride": 3,
					"offset": 6080,
					"dataType": 1
				},
				"indicesAttrDesc": {
					"count": 234,
					"stride": 1,
					"offset": 8512,
					"dataType": 0
				},
				"subMeshesAttrDesc": {
					"count": 1,
					"stride": 5,
					"offset": 9448,
					"dataType": 0
				}
			},
			"positions": null,
			"normals": null,
			"uvs": null,
			"hasUVs": true,
			"uv2s": null,
			"hasUVs2": true,
			"tangents": null,
			"indices": null
		}
	],
	"multiMaterials": [],
	"lods": []
}