{
	"materials": [],
	"meshes": [
		{
			"name": "nasacnes_topexposeidon_satellite_Object_19",
			"id": "db6ae951-236d-4011-b974-b693050a56dd",
			"uniqueId": 491,
			"type": "Mesh",
			"position": [
				28.4631214,
				4,
				27.785078
			],
			"rotationQuaternion": [
				0,
				-0.939692616,
				0,
				0.342020154
			],
			"scaling": [
				1,
				1,
				1
			],
			"localMatrix": {
				"0": 1,
				"1": 0,
				"2": 0,
				"3": 0,
				"4": 0,
				"5": 1,
				"6": 0,
				"7": 0,
				"8": 0,
				"9": 0,
				"10": 1,
				"11": 0,
				"12": 0,
				"13": 0,
				"14": 0,
				"15": 1
			},
			"isEnabled": true,
			"isVisible": true,
			"infiniteDistance": false,
			"pickable": true,
			"receiveShadows": false,
			"billboardMode": 0,
			"visibility": 1,
			"checkCollisions": false,
			"isBlocker": false,
			"overrideMaterialSideOrientation": 0,
			"parentId": "0a6b7be4-2db0-4d3e-8950-feeb9d902670",
			"isUnIndexed": false,
			"geometryId": "1b45b125-1372-416e-9838-1665f0f8ba7e",
			"subMeshes": null,
			"materialId": "69d289a1-0fa4-4a4b-9b87-f038dfdaa308",
			"metadata": {
				"basePoseMatrix": {
					"0": 0.7660444378852844,
					"1": 0,
					"2": 0.6427876353263855,
					"3": 0,
					"4": 0,
					"5": 1,
					"6": 0,
					"7": 0,
					"8": 0.6427876353263855,
					"9": 0,
					"10": -0.7660444378852844,
					"11": 0,
					"12": 3.9441111087799072,
					"13": -4,
					"14": 39.580345153808594,
					"15": 1
				},
				"originalSourceFile": {
					"id": "nasacnes_topexposeidon_satellite_Object_19",
					"name": "nasacnes_topexposeidon_satellite_Object_19",
					"sceneFileName": "SATELLITE/satelite.glb"
				},
				"isPickable": false
			},
			"instances": [],
			"animations": [],
			"ranges": [],
			"layerMask": 268435455,
			"alphaIndex": 1.7976931348623157e+308,
			"hasVertexAlpha": false,
			"overlayAlpha": 0.3,
			"overlayColor": [
				1,
				0,
				0
			],
			"applyFog": true,
			"delayLoadingFile": "geometries/1b45b125-1372-416e-9838-1665f0f8ba7e.babylonbinarymeshdata",
			"boundingBoxMaximum": [
				-4.180259704589844,
				2.236339569091797,
				0.4752718508243561
			],
			"boundingBoxMinimum": [
				-12.10776138305664,
				-1.2823619842529297,
				-1.7234522104263306
			],
			"_binaryInfo": {
				"positionsAttrDesc": {
					"count": 2340,
					"stride": 3,
					"offset": 0,
					"dataType": 1
				},
				"normalsAttrDesc": {
					"count": 2340,
					"stride": 3,
					"offset": 9360,
					"dataType": 1
				},
				"uvsAttrDesc": {
					"count": 1560,
					"stride": 2,
					"offset": 18720,
					"dataType": 1
				},
				"uvs2AttrDesc": {
					"count": 1560,
					"stride": 2,
					"offset": 24960,
					"dataType": 1
				},
				"tangetsAttrDesc": {
					"count": 3120,
					"stride": 3,
					"offset": 31200,
					"dataType": 1
				},
				"indicesAttrDesc": {
					"count": 1152,
					"stride": 1,
					"offset": 43680,
					"dataType": 0
				},
				"subMeshesAttrDesc": {
					"count": 1,
					"stride": 5,
					"offset": 48288,
					"dataType": 0
				}
			},
			"positions": null,
			"normals": null,
			"uvs": null,
			"hasUVs": true,
			"uv2s": null,
			"hasUVs2": true,
			"tangents": null,
			"indices": null
		}
	],
	"multiMaterials": [],
	"lods": []
}