{
	"materials": [],
	"meshes": [
		{
			"name": "nasa_swassubmillimeter_wave_astronomy_satellite_Object_18",
			"id": "7baee800-9afd-4614-92ca-fce6a0c1a58f",
			"uniqueId": 555,
			"type": "Mesh",
			"position": [
				38.6479378,
				5.5999999,
				15.5563707
			],
			"rotationQuaternion": [
				-0.171010077,
				0.171010077,
				0.0301536899,
				0.969846308
			],
			"scaling": [
				1.5,
				1.5,
				1.5
			],
			"localMatrix": {
				"0": 1,
				"1": 0,
				"2": 0,
				"3": 0,
				"4": 0,
				"5": 1,
				"6": 0,
				"7": 0,
				"8": 0,
				"9": 0,
				"10": 1,
				"11": 0,
				"12": 0,
				"13": 0,
				"14": 0,
				"15": 1
			},
			"isEnabled": true,
			"isVisible": true,
			"infiniteDistance": false,
			"pickable": true,
			"receiveShadows": false,
			"billboardMode": 0,
			"visibility": 1,
			"checkCollisions": false,
			"isBlocker": false,
			"overrideMaterialSideOrientation": 0,
			"parentId": "0a6b7be4-2db0-4d3e-8950-feeb9d902670",
			"isUnIndexed": false,
			"geometryId": "4dab88f4-3f23-4ecb-ab6d-f6bdfa3431e7",
			"subMeshes": null,
			"materialId": "9f83349f-d135-4f8a-8236-f5e1859b015f",
			"metadata": {
				"basePoseMatrix": {
					"0": -0.6264617443084717,
					"1": 0.07798518240451813,
					"2": -0.21426253020763397,
					"3": 0,
					"4": 8.744827639795005e-10,
					"5": 0.6264617443084717,
					"6": 0.22801342606544495,
					"7": 0,
					"8": -0.22801342606544495,
					"9": -0.21426253020763397,
					"10": 0.5886814594268799,
					"11": 0,
					"12": -20.664392471313477,
					"13": 2.83892822265625,
					"14": -18.71542739868164,
					"15": 1
				},
				"originalSourceFile": {
					"id": "nasa_swassubmillimeter_wave_astronomy_satellite_Object_18",
					"name": "nasa_swassubmillimeter_wave_astronomy_satellite_Object_18",
					"sceneFileName": "SATELLITE/satelite.glb"
				},
				"isPickable": false
			},
			"instances": [],
			"animations": [],
			"ranges": [],
			"layerMask": 268435455,
			"alphaIndex": 1.7976931348623157e+308,
			"hasVertexAlpha": false,
			"overlayAlpha": 0.5,
			"overlayColor": [
				1,
				0,
				0
			],
			"applyFog": true,
			"delayLoadingFile": "geometries/4dab88f4-3f23-4ecb-ab6d-f6bdfa3431e7.babylonbinarymeshdata",
			"boundingBoxMaximum": [
				3.0931243896484375,
				-0.26283904910087585,
				1.1470764875411987
			],
			"boundingBoxMinimum": [
				2.804161548614502,
				-1.3463695049285889,
				-1.1438031196594238
			],
			"_binaryInfo": {
				"positionsAttrDesc": {
					"count": 1296,
					"stride": 3,
					"offset": 0,
					"dataType": 1
				},
				"normalsAttrDesc": {
					"count": 1296,
					"stride": 3,
					"offset": 5184,
					"dataType": 1
				},
				"uvsAttrDesc": {
					"count": 864,
					"stride": 2,
					"offset": 10368,
					"dataType": 1
				},
				"uvs2AttrDesc": {
					"count": 864,
					"stride": 2,
					"offset": 13824,
					"dataType": 1
				},
				"tangetsAttrDesc": {
					"count": 1728,
					"stride": 3,
					"offset": 17280,
					"dataType": 1
				},
				"indicesAttrDesc": {
					"count": 1728,
					"stride": 1,
					"offset": 24192,
					"dataType": 0
				},
				"subMeshesAttrDesc": {
					"count": 1,
					"stride": 5,
					"offset": 31104,
					"dataType": 0
				}
			},
			"positions": null,
			"normals": null,
			"uvs": null,
			"hasUVs": true,
			"uv2s": null,
			"hasUVs2": true,
			"tangents": null,
			"indices": null
		}
	],
	"multiMaterials": [],
	"lods": []
}