{
	"materials": [],
	"meshes": [
		{
			"name": "nasa_swassubmillimeter_wave_astronomy_satellite_Object_11",
			"id": "9d25ccaf-0c61-4ae7-8a5d-4f2f7182ec45",
			"uniqueId": 534,
			"type": "Mesh",
			"position": [
				38.6479378,
				5.5999999,
				15.5563707
			],
			"rotationQuaternion": [
				-0.171010077,
				0.171010077,
				0.0301536899,
				0.969846308
			],
			"scaling": [
				1.5,
				1.5,
				1.5
			],
			"localMatrix": {
				"0": 1,
				"1": 0,
				"2": 0,
				"3": 0,
				"4": 0,
				"5": 1,
				"6": 0,
				"7": 0,
				"8": 0,
				"9": 0,
				"10": 1,
				"11": 0,
				"12": 0,
				"13": 0,
				"14": 0,
				"15": 1
			},
			"isEnabled": true,
			"isVisible": true,
			"infiniteDistance": false,
			"pickable": true,
			"receiveShadows": false,
			"billboardMode": 0,
			"visibility": 1,
			"checkCollisions": false,
			"isBlocker": false,
			"overrideMaterialSideOrientation": 0,
			"parentId": "0a6b7be4-2db0-4d3e-8950-feeb9d902670",
			"isUnIndexed": false,
			"geometryId": "ad7f6c9e-1446-4013-bcfd-4a2fead1c036",
			"subMeshes": null,
			"materialId": "d0b8009a-8354-4494-a7fc-8727d5033576",
			"metadata": {
				"basePoseMatrix": {
					"0": -0.6264617443084717,
					"1": 0.07798518240451813,
					"2": -0.21426253020763397,
					"3": 0,
					"4": 8.744827639795005e-10,
					"5": 0.6264617443084717,
					"6": 0.22801342606544495,
					"7": 0,
					"8": -0.22801342606544495,
					"9": -0.21426253020763397,
					"10": 0.5886814594268799,
					"11": 0,
					"12": -20.664392471313477,
					"13": 2.83892822265625,
					"14": -18.71542739868164,
					"15": 1
				},
				"originalSourceFile": {
					"id": "nasa_swassubmillimeter_wave_astronomy_satellite_Object_11",
					"name": "nasa_swassubmillimeter_wave_astronomy_satellite_Object_11",
					"sceneFileName": "SATELLITE/satelite.glb"
				},
				"isPickable": false
			},
			"instances": [],
			"animations": [],
			"ranges": [],
			"layerMask": 268435455,
			"alphaIndex": 1.7976931348623157e+308,
			"hasVertexAlpha": false,
			"overlayAlpha": 0.5,
			"overlayColor": [
				1,
				0,
				0
			],
			"applyFog": true,
			"delayLoadingFile": "geometries/ad7f6c9e-1446-4013-bcfd-4a2fead1c036.babylonbinarymeshdata",
			"boundingBoxMaximum": [
				1.7238776683807373,
				0.7787050604820251,
				4.62879753112793
			],
			"boundingBoxMinimum": [
				1.723742127418518,
				0.7451013922691345,
				-4.632129669189453
			],
			"_binaryInfo": {
				"positionsAttrDesc": {
					"count": 48,
					"stride": 3,
					"offset": 0,
					"dataType": 1
				},
				"normalsAttrDesc": {
					"count": 48,
					"stride": 3,
					"offset": 192,
					"dataType": 1
				},
				"uvsAttrDesc": {
					"count": 32,
					"stride": 2,
					"offset": 384,
					"dataType": 1
				},
				"uvs2AttrDesc": {
					"count": 32,
					"stride": 2,
					"offset": 512,
					"dataType": 1
				},
				"tangetsAttrDesc": {
					"count": 64,
					"stride": 3,
					"offset": 640,
					"dataType": 1
				},
				"indicesAttrDesc": {
					"count": 24,
					"stride": 1,
					"offset": 896,
					"dataType": 0
				},
				"subMeshesAttrDesc": {
					"count": 1,
					"stride": 5,
					"offset": 992,
					"dataType": 0
				}
			},
			"positions": null,
			"normals": null,
			"uvs": null,
			"hasUVs": true,
			"uv2s": null,
			"hasUVs2": true,
			"tangents": null,
			"indices": null
		}
	],
	"multiMaterials": [],
	"lods": []
}