{
	"materials": [],
	"meshes": [
		{
			"name": "nasaconae_aquarius_spacecraft_tex_black_0",
			"id": "24b4ccfe-6941-465a-b79c-148385a46151",
			"uniqueId": 580,
			"type": "Mesh",
			"position": [
				41,
				7.10217047,
				-7.27371883
			],
			"rotationQuaternion": [
				0.57357645,
				0,
				0,
				0.819152057
			],
			"scaling": [
				2,
				2,
				2
			],
			"localMatrix": {
				"0": 1,
				"1": 0,
				"2": 0,
				"3": 0,
				"4": 0,
				"5": 1,
				"6": 0,
				"7": 0,
				"8": 0,
				"9": 0,
				"10": 1,
				"11": 0,
				"12": 0,
				"13": 0,
				"14": 0,
				"15": 1
			},
			"isEnabled": true,
			"isVisible": true,
			"infiniteDistance": false,
			"pickable": true,
			"receiveShadows": false,
			"billboardMode": 0,
			"visibility": 1,
			"checkCollisions": false,
			"isBlocker": false,
			"overrideMaterialSideOrientation": 0,
			"parentId": "0a6b7be4-2db0-4d3e-8950-feeb9d902670",
			"isUnIndexed": false,
			"geometryId": "7ac4842f-6023-42f6-bee8-ba0146a9bc10",
			"subMeshes": null,
			"materialId": "92dfb319-f9fc-4b84-92c7-c8696d881fed",
			"metadata": {
				"basePoseMatrix": {
					"0": -0.5,
					"1": 0,
					"2": 0,
					"3": 0,
					"4": 0,
					"5": 0.17101004719734192,
					"6": -0.46984630823135376,
					"7": 0,
					"8": 0,
					"9": 0.46984630823135376,
					"10": 0.17101004719734192,
					"11": 0,
					"12": -20.5,
					"13": 2.2029874324798584,
					"14": 4.580807685852051,
					"15": 1
				},
				"originalSourceFile": {
					"id": "nasaconae_aquarius_spacecraft_tex_black_0",
					"name": "nasaconae_aquarius_spacecraft_tex_black_0",
					"sceneFileName": "SATELLITE/satelite.glb"
				},
				"isPickable": false
			},
			"instances": [],
			"animations": [],
			"ranges": [],
			"layerMask": 268435455,
			"alphaIndex": 1.7976931348623157e+308,
			"hasVertexAlpha": false,
			"overlayAlpha": 0.5,
			"overlayColor": [
				1,
				0,
				0
			],
			"applyFog": true,
			"delayLoadingFile": "geometries/7ac4842f-6023-42f6-bee8-ba0146a9bc10.babylonbinarymeshdata",
			"boundingBoxMaximum": [
				0.914139986038208,
				4.06165075302124,
				1.249998927116394
			],
			"boundingBoxMinimum": [
				-1.9953199625015259,
				-0.18215028941631317,
				-1.2530217170715332
			],
			"_binaryInfo": {
				"positionsAttrDesc": {
					"count": 882,
					"stride": 3,
					"offset": 0,
					"dataType": 1
				},
				"normalsAttrDesc": {
					"count": 882,
					"stride": 3,
					"offset": 3528,
					"dataType": 1
				},
				"uvsAttrDesc": {
					"count": 588,
					"stride": 2,
					"offset": 7056,
					"dataType": 1
				},
				"uvs2AttrDesc": {
					"count": 588,
					"stride": 2,
					"offset": 9408,
					"dataType": 1
				},
				"tangetsAttrDesc": {
					"count": 1176,
					"stride": 3,
					"offset": 11760,
					"dataType": 1
				},
				"indicesAttrDesc": {
					"count": 624,
					"stride": 1,
					"offset": 16464,
					"dataType": 0
				},
				"subMeshesAttrDesc": {
					"count": 1,
					"stride": 5,
					"offset": 18960,
					"dataType": 0
				}
			},
			"positions": null,
			"normals": null,
			"uvs": null,
			"hasUVs": true,
			"uv2s": null,
			"hasUVs2": true,
			"tangents": null,
			"indices": null
		}
	],
	"multiMaterials": [],
	"lods": []
}