{
	"materials": [],
	"meshes": [
		{
			"name": "nasa_swassubmillimeter_wave_astronomy_satellite_Object_15",
			"id": "771c900e-21ff-4910-9989-3e4fdcc82ed1",
			"uniqueId": 546,
			"type": "Mesh",
			"position": [
				38.6479378,
				5.5999999,
				15.5563707
			],
			"rotationQuaternion": [
				-0.171010077,
				0.171010077,
				0.0301536899,
				0.969846308
			],
			"scaling": [
				1.5,
				1.5,
				1.5
			],
			"localMatrix": {
				"0": 1,
				"1": 0,
				"2": 0,
				"3": 0,
				"4": 0,
				"5": 1,
				"6": 0,
				"7": 0,
				"8": 0,
				"9": 0,
				"10": 1,
				"11": 0,
				"12": 0,
				"13": 0,
				"14": 0,
				"15": 1
			},
			"isEnabled": true,
			"isVisible": true,
			"infiniteDistance": false,
			"pickable": true,
			"receiveShadows": false,
			"billboardMode": 0,
			"visibility": 1,
			"checkCollisions": false,
			"isBlocker": false,
			"overrideMaterialSideOrientation": 0,
			"parentId": "0a6b7be4-2db0-4d3e-8950-feeb9d902670",
			"isUnIndexed": false,
			"geometryId": "ab4f556b-c54d-4a38-867e-2fed88a0f0a5",
			"subMeshes": null,
			"materialId": "6032587b-a66b-44c7-a8e5-142c8ba348fd",
			"metadata": {
				"basePoseMatrix": {
					"0": -0.6264617443084717,
					"1": 0.07798518240451813,
					"2": -0.21426253020763397,
					"3": 0,
					"4": 8.744827639795005e-10,
					"5": 0.6264617443084717,
					"6": 0.22801342606544495,
					"7": 0,
					"8": -0.22801342606544495,
					"9": -0.21426253020763397,
					"10": 0.5886814594268799,
					"11": 0,
					"12": -20.664392471313477,
					"13": 2.83892822265625,
					"14": -18.71542739868164,
					"15": 1
				},
				"originalSourceFile": {
					"id": "nasa_swassubmillimeter_wave_astronomy_satellite_Object_15",
					"name": "nasa_swassubmillimeter_wave_astronomy_satellite_Object_15",
					"sceneFileName": "SATELLITE/satelite.glb"
				},
				"isPickable": false
			},
			"instances": [],
			"animations": [],
			"ranges": [],
			"layerMask": 268435455,
			"alphaIndex": 1.7976931348623157e+308,
			"hasVertexAlpha": false,
			"overlayAlpha": 0.5,
			"overlayColor": [
				1,
				0,
				0
			],
			"applyFog": true,
			"delayLoadingFile": "geometries/ab4f556b-c54d-4a38-867e-2fed88a0f0a5.babylonbinarymeshdata",
			"boundingBoxMaximum": [
				1.3327805995941162,
				-0.068088099360466,
				1.0334886312484741
			],
			"boundingBoxMinimum": [
				-0.9621759653091431,
				-0.6253952383995056,
				-1.0361504554748535
			],
			"_binaryInfo": {
				"positionsAttrDesc": {
					"count": 7173,
					"stride": 3,
					"offset": 0,
					"dataType": 1
				},
				"normalsAttrDesc": {
					"count": 7173,
					"stride": 3,
					"offset": 28692,
					"dataType": 1
				},
				"uvsAttrDesc": {
					"count": 4782,
					"stride": 2,
					"offset": 57384,
					"dataType": 1
				},
				"uvs2AttrDesc": {
					"count": 4782,
					"stride": 2,
					"offset": 76512,
					"dataType": 1
				},
				"tangetsAttrDesc": {
					"count": 9564,
					"stride": 3,
					"offset": 95640,
					"dataType": 1
				},
				"indicesAttrDesc": {
					"count": 4707,
					"stride": 1,
					"offset": 133896,
					"dataType": 0
				},
				"subMeshesAttrDesc": {
					"count": 1,
					"stride": 5,
					"offset": 152724,
					"dataType": 0
				}
			},
			"positions": null,
			"normals": null,
			"uvs": null,
			"hasUVs": true,
			"uv2s": null,
			"hasUVs2": true,
			"tangents": null,
			"indices": null
		}
	],
	"multiMaterials": [],
	"lods": []
}