{
	"materials": [],
	"meshes": [
		{
			"name": "nasacnes_topexposeidon_satellite_Object_11",
			"id": "4d311d1b-fb0d-4add-99aa-f84ce5301a6a",
			"uniqueId": 467,
			"type": "Mesh",
			"position": [
				28.4631214,
				4,
				27.785078
			],
			"rotationQuaternion": [
				0,
				-0.939692616,
				0,
				0.342020154
			],
			"scaling": [
				1,
				1,
				1
			],
			"localMatrix": {
				"0": 1,
				"1": 0,
				"2": 0,
				"3": 0,
				"4": 0,
				"5": 1,
				"6": 0,
				"7": 0,
				"8": 0,
				"9": 0,
				"10": 1,
				"11": 0,
				"12": 0,
				"13": 0,
				"14": 0,
				"15": 1
			},
			"isEnabled": true,
			"isVisible": true,
			"infiniteDistance": false,
			"pickable": true,
			"receiveShadows": false,
			"billboardMode": 0,
			"visibility": 1,
			"checkCollisions": false,
			"isBlocker": false,
			"overrideMaterialSideOrientation": 0,
			"parentId": "0a6b7be4-2db0-4d3e-8950-feeb9d902670",
			"isUnIndexed": false,
			"geometryId": "eafab19b-6f57-46cd-93e8-f77b423337a3",
			"subMeshes": null,
			"materialId": "7eae7607-9f9d-47e1-942a-24cc4b47ec2b",
			"metadata": {
				"basePoseMatrix": {
					"0": 0.7660444378852844,
					"1": 0,
					"2": 0.6427876353263855,
					"3": 0,
					"4": 0,
					"5": 1,
					"6": 0,
					"7": 0,
					"8": 0.6427876353263855,
					"9": 0,
					"10": -0.7660444378852844,
					"11": 0,
					"12": 3.9441111087799072,
					"13": -4,
					"14": 39.580345153808594,
					"15": 1
				},
				"originalSourceFile": {
					"id": "nasacnes_topexposeidon_satellite_Object_11",
					"name": "nasacnes_topexposeidon_satellite_Object_11",
					"sceneFileName": "SATELLITE/satelite.glb"
				},
				"isPickable": false
			},
			"instances": [],
			"animations": [],
			"ranges": [],
			"layerMask": 268435455,
			"alphaIndex": 1.7976931348623157e+308,
			"hasVertexAlpha": false,
			"overlayAlpha": 0.3,
			"overlayColor": [
				1,
				0,
				0
			],
			"applyFog": true,
			"delayLoadingFile": "geometries/eafab19b-6f57-46cd-93e8-f77b423337a3.babylonbinarymeshdata",
			"boundingBoxMaximum": [
				1.9777251482009888,
				7.179579257965088,
				1.5530858039855957
			],
			"boundingBoxMinimum": [
				-1.9757592678070068,
				-2.5950284004211426,
				-4.673883438110352
			],
			"_binaryInfo": {
				"positionsAttrDesc": {
					"count": 12963,
					"stride": 3,
					"offset": 0,
					"dataType": 1
				},
				"normalsAttrDesc": {
					"count": 12963,
					"stride": 3,
					"offset": 51852,
					"dataType": 1
				},
				"uvsAttrDesc": {
					"count": 8642,
					"stride": 2,
					"offset": 103704,
					"dataType": 1
				},
				"uvs2AttrDesc": {
					"count": 8642,
					"stride": 2,
					"offset": 138272,
					"dataType": 1
				},
				"tangetsAttrDesc": {
					"count": 17284,
					"stride": 3,
					"offset": 172840,
					"dataType": 1
				},
				"indicesAttrDesc": {
					"count": 9738,
					"stride": 1,
					"offset": 241976,
					"dataType": 0
				},
				"subMeshesAttrDesc": {
					"count": 1,
					"stride": 5,
					"offset": 280928,
					"dataType": 0
				}
			},
			"positions": null,
			"normals": null,
			"uvs": null,
			"hasUVs": true,
			"uv2s": null,
			"hasUVs2": true,
			"tangents": null,
			"indices": null
		}
	],
	"multiMaterials": [],
	"lods": []
}