{
	"materials": [],
	"meshes": [
		{
			"name": "nasacnes_topexposeidon_satellite_Object_23",
			"id": "8347b612-5e53-4114-8a2c-5587ed4119a9",
			"uniqueId": 503,
			"type": "Mesh",
			"position": [
				28.4631214,
				4,
				27.785078
			],
			"rotationQuaternion": [
				0,
				-0.939692616,
				0,
				0.342020154
			],
			"scaling": [
				1,
				1,
				1
			],
			"localMatrix": {
				"0": 1,
				"1": 0,
				"2": 0,
				"3": 0,
				"4": 0,
				"5": 1,
				"6": 0,
				"7": 0,
				"8": 0,
				"9": 0,
				"10": 1,
				"11": 0,
				"12": 0,
				"13": 0,
				"14": 0,
				"15": 1
			},
			"isEnabled": true,
			"isVisible": true,
			"infiniteDistance": false,
			"pickable": true,
			"receiveShadows": false,
			"billboardMode": 0,
			"visibility": 1,
			"checkCollisions": false,
			"isBlocker": false,
			"overrideMaterialSideOrientation": 0,
			"parentId": "0a6b7be4-2db0-4d3e-8950-feeb9d902670",
			"isUnIndexed": false,
			"geometryId": "4177d350-eeab-4179-bd7e-f77dec29b0dc",
			"subMeshes": null,
			"materialId": "3e10d41c-0c38-41eb-adc4-2fc8605d5820",
			"metadata": {
				"basePoseMatrix": {
					"0": 0.7660444378852844,
					"1": 0,
					"2": 0.6427876353263855,
					"3": 0,
					"4": 0,
					"5": 1,
					"6": 0,
					"7": 0,
					"8": 0.6427876353263855,
					"9": 0,
					"10": -0.7660444378852844,
					"11": 0,
					"12": 3.9441111087799072,
					"13": -4,
					"14": 39.580345153808594,
					"15": 1
				},
				"originalSourceFile": {
					"id": "nasacnes_topexposeidon_satellite_Object_23",
					"name": "nasacnes_topexposeidon_satellite_Object_23",
					"sceneFileName": "SATELLITE/satelite.glb"
				},
				"isPickable": false
			},
			"instances": [],
			"animations": [],
			"ranges": [],
			"layerMask": 268435455,
			"alphaIndex": 1.7976931348623157e+308,
			"hasVertexAlpha": false,
			"overlayAlpha": 0.3,
			"overlayColor": [
				1,
				0,
				0
			],
			"applyFog": true,
			"delayLoadingFile": "geometries/4177d350-eeab-4179-bd7e-f77dec29b0dc.babylonbinarymeshdata",
			"boundingBoxMaximum": [
				-4.180268287658691,
				2.2363481521606445,
				0.47526517510414124
			],
			"boundingBoxMinimum": [
				-12.10776138305664,
				-1.2823469638824463,
				-1.7234594821929932
			],
			"_binaryInfo": {
				"positionsAttrDesc": {
					"count": 2304,
					"stride": 3,
					"offset": 0,
					"dataType": 1
				},
				"normalsAttrDesc": {
					"count": 2304,
					"stride": 3,
					"offset": 9216,
					"dataType": 1
				},
				"uvsAttrDesc": {
					"count": 1536,
					"stride": 2,
					"offset": 18432,
					"dataType": 1
				},
				"uvs2AttrDesc": {
					"count": 1536,
					"stride": 2,
					"offset": 24576,
					"dataType": 1
				},
				"tangetsAttrDesc": {
					"count": 3072,
					"stride": 3,
					"offset": 30720,
					"dataType": 1
				},
				"indicesAttrDesc": {
					"count": 1098,
					"stride": 1,
					"offset": 43008,
					"dataType": 0
				},
				"subMeshesAttrDesc": {
					"count": 1,
					"stride": 5,
					"offset": 47400,
					"dataType": 0
				}
			},
			"positions": null,
			"normals": null,
			"uvs": null,
			"hasUVs": true,
			"uv2s": null,
			"hasUVs2": true,
			"tangents": null,
			"indices": null
		}
	],
	"multiMaterials": [],
	"lods": []
}