{
	"materials": [],
	"meshes": [
		{
			"name": "nasacnes_topexposeidon_satellite_Object_10",
			"id": "346766c5-455a-4aca-bde7-0ef141928e62",
			"uniqueId": 464,
			"type": "Mesh",
			"position": [
				28.4631214,
				4,
				27.785078
			],
			"rotationQuaternion": [
				0,
				-0.939692616,
				0,
				0.342020154
			],
			"scaling": [
				1,
				1,
				1
			],
			"localMatrix": {
				"0": 1,
				"1": 0,
				"2": 0,
				"3": 0,
				"4": 0,
				"5": 1,
				"6": 0,
				"7": 0,
				"8": 0,
				"9": 0,
				"10": 1,
				"11": 0,
				"12": 0,
				"13": 0,
				"14": 0,
				"15": 1
			},
			"isEnabled": true,
			"isVisible": true,
			"infiniteDistance": false,
			"pickable": true,
			"receiveShadows": false,
			"billboardMode": 0,
			"visibility": 1,
			"checkCollisions": false,
			"isBlocker": false,
			"overrideMaterialSideOrientation": 0,
			"parentId": "0a6b7be4-2db0-4d3e-8950-feeb9d902670",
			"isUnIndexed": false,
			"geometryId": "dead4043-3ea9-4ca7-a589-f7a78c9f8db5",
			"subMeshes": null,
			"materialId": "f89b7888-7771-4c53-b8ef-daf0a9c31799",
			"metadata": {
				"basePoseMatrix": {
					"0": 0.7660444378852844,
					"1": 0,
					"2": 0.6427876353263855,
					"3": 0,
					"4": 0,
					"5": 1,
					"6": 0,
					"7": 0,
					"8": 0.6427876353263855,
					"9": 0,
					"10": -0.7660444378852844,
					"11": 0,
					"12": 3.9441111087799072,
					"13": -4,
					"14": 39.580345153808594,
					"15": 1
				},
				"originalSourceFile": {
					"id": "nasacnes_topexposeidon_satellite_Object_10",
					"name": "nasacnes_topexposeidon_satellite_Object_10",
					"sceneFileName": "SATELLITE/satelite.glb"
				},
				"isPickable": false
			},
			"instances": [],
			"animations": [],
			"ranges": [],
			"layerMask": 268435455,
			"alphaIndex": 1.7976931348623157e+308,
			"hasVertexAlpha": false,
			"overlayAlpha": 0.3,
			"overlayColor": [
				1,
				0,
				0
			],
			"applyFog": true,
			"delayLoadingFile": "geometries/dead4043-3ea9-4ca7-a589-f7a78c9f8db5.babylonbinarymeshdata",
			"boundingBoxMaximum": [
				2.3080012798309326,
				5.099623680114746,
				1.5924044847488403
			],
			"boundingBoxMinimum": [
				-4.03801965713501,
				-3.5961036682128906,
				-4.9400763511657715
			],
			"_binaryInfo": {
				"positionsAttrDesc": {
					"count": 22509,
					"stride": 3,
					"offset": 0,
					"dataType": 1
				},
				"normalsAttrDesc": {
					"count": 22509,
					"stride": 3,
					"offset": 90036,
					"dataType": 1
				},
				"uvsAttrDesc": {
					"count": 15006,
					"stride": 2,
					"offset": 180072,
					"dataType": 1
				},
				"uvs2AttrDesc": {
					"count": 15006,
					"stride": 2,
					"offset": 240096,
					"dataType": 1
				},
				"tangetsAttrDesc": {
					"count": 30012,
					"stride": 3,
					"offset": 300120,
					"dataType": 1
				},
				"indicesAttrDesc": {
					"count": 20058,
					"stride": 1,
					"offset": 420168,
					"dataType": 0
				},
				"subMeshesAttrDesc": {
					"count": 1,
					"stride": 5,
					"offset": 500400,
					"dataType": 0
				}
			},
			"positions": null,
			"normals": null,
			"uvs": null,
			"hasUVs": true,
			"uv2s": null,
			"hasUVs2": true,
			"tangents": null,
			"indices": null
		}
	],
	"multiMaterials": [],
	"lods": []
}