{
	"materials": [],
	"meshes": [
		{
			"name": "ROVER_primitive7",
			"id": "18df56f5-4a49-4f42-8f7a-db036c251210",
			"uniqueId": 651,
			"type": "Mesh",
			"position": [
				0,
				0,
				0
			],
			"rotation": [
				0,
				0,
				0
			],
			"scaling": [
				1,
				1,
				1
			],
			"localMatrix": {
				"0": 1,
				"1": 0,
				"2": 0,
				"3": 0,
				"4": 0,
				"5": 1,
				"6": 0,
				"7": 0,
				"8": 0,
				"9": 0,
				"10": 1,
				"11": 0,
				"12": 0,
				"13": 0,
				"14": 0,
				"15": 1
			},
			"isEnabled": true,
			"isVisible": true,
			"infiniteDistance": false,
			"pickable": true,
			"receiveShadows": false,
			"billboardMode": 0,
			"visibility": 1,
			"checkCollisions": false,
			"isBlocker": false,
			"overrideMaterialSideOrientation": 0,
			"parentId": "3e2136e1-7616-4878-8380-2e0b520d096e",
			"isUnIndexed": false,
			"geometryId": "f1507cf7-8717-4ef5-917c-57522d456e00",
			"subMeshes": null,
			"materialId": "f5f580c1-7cfd-4b50-bc90-6bc0713df540",
			"metadata": {
				"basePoseMatrix": {
					"0": -0.42194095253944397,
					"1": 0,
					"2": 0,
					"3": 0,
					"4": 0,
					"5": 0.42194095253944397,
					"6": 0,
					"7": 0,
					"8": 0,
					"9": 0,
					"10": 0.42194095253944397,
					"11": 0,
					"12": 8.227848052978516,
					"13": -0.3375527262687683,
					"14": 2.1097047328948975,
					"15": 1
				},
				"originalSourceFile": {
					"id": "ROVER_primitive7",
					"name": "ROVER_primitive7",
					"sceneFileName": "SATELLITE/satelite.glb"
				},
				"isPickable": false
			},
			"instances": [],
			"animations": [],
			"ranges": [],
			"layerMask": 268435455,
			"alphaIndex": 1.7976931348623157e+308,
			"hasVertexAlpha": false,
			"overlayAlpha": 0.5,
			"overlayColor": [
				1,
				0,
				0
			],
			"applyFog": true,
			"delayLoadingFile": "geometries/f1507cf7-8717-4ef5-917c-57522d456e00.babylonbinarymeshdata",
			"boundingBoxMaximum": [
				0.5320168733596802,
				1.0851020812988281,
				0.7920631766319275
			],
			"boundingBoxMinimum": [
				-0.5297020673751831,
				0.7291838526725769,
				-0.9716501235961914
			],
			"_binaryInfo": {
				"positionsAttrDesc": {
					"count": 2106,
					"stride": 3,
					"offset": 0,
					"dataType": 1
				},
				"normalsAttrDesc": {
					"count": 2106,
					"stride": 3,
					"offset": 8424,
					"dataType": 1
				},
				"uvsAttrDesc": {
					"count": 1404,
					"stride": 2,
					"offset": 16848,
					"dataType": 1
				},
				"uvs2AttrDesc": {
					"count": 1404,
					"stride": 2,
					"offset": 22464,
					"dataType": 1
				},
				"tangetsAttrDesc": {
					"count": 2808,
					"stride": 3,
					"offset": 28080,
					"dataType": 1
				},
				"indicesAttrDesc": {
					"count": 1650,
					"stride": 1,
					"offset": 39312,
					"dataType": 0
				},
				"subMeshesAttrDesc": {
					"count": 1,
					"stride": 5,
					"offset": 45912,
					"dataType": 0
				}
			},
			"positions": null,
			"normals": null,
			"uvs": null,
			"hasUVs": true,
			"uv2s": null,
			"hasUVs2": true,
			"tangents": null,
			"indices": null
		}
	],
	"multiMaterials": [],
	"lods": []
}