{
	"materials": [],
	"meshes": [
		{
			"name": "ROVER_primitive0",
			"id": "7d34ffcd-5f15-4d41-833c-131a3077a7df",
			"uniqueId": 622,
			"type": "Mesh",
			"position": [
				0,
				0,
				0
			],
			"rotation": [
				0,
				0,
				0
			],
			"scaling": [
				1,
				1,
				1
			],
			"localMatrix": {
				"0": 1,
				"1": 0,
				"2": 0,
				"3": 0,
				"4": 0,
				"5": 1,
				"6": 0,
				"7": 0,
				"8": 0,
				"9": 0,
				"10": 1,
				"11": 0,
				"12": 0,
				"13": 0,
				"14": 0,
				"15": 1
			},
			"isEnabled": true,
			"isVisible": true,
			"infiniteDistance": false,
			"pickable": true,
			"receiveShadows": false,
			"billboardMode": 0,
			"visibility": 1,
			"checkCollisions": false,
			"isBlocker": false,
			"overrideMaterialSideOrientation": 0,
			"parentId": "3e2136e1-7616-4878-8380-2e0b520d096e",
			"isUnIndexed": false,
			"geometryId": "c7d1ff3f-7e87-4050-a8f7-2551aec496fb",
			"subMeshes": null,
			"materialId": "322556bd-bf00-443f-b378-3e4ac38d2e73",
			"metadata": {
				"basePoseMatrix": {
					"0": -0.42194095253944397,
					"1": 0,
					"2": 0,
					"3": 0,
					"4": 0,
					"5": 0.42194095253944397,
					"6": 0,
					"7": 0,
					"8": 0,
					"9": 0,
					"10": 0.42194095253944397,
					"11": 0,
					"12": 8.227848052978516,
					"13": -0.3375527262687683,
					"14": 2.1097047328948975,
					"15": 1
				},
				"originalSourceFile": {
					"id": "ROVER_primitive0",
					"name": "ROVER_primitive0",
					"sceneFileName": "SATELLITE/satelite.glb"
				},
				"isPickable": false
			},
			"instances": [],
			"animations": [],
			"ranges": [],
			"layerMask": 268435455,
			"alphaIndex": 1.7976931348623157e+308,
			"hasVertexAlpha": false,
			"overlayAlpha": 0.5,
			"overlayColor": [
				1,
				0,
				0
			],
			"applyFog": true,
			"delayLoadingFile": "geometries/c7d1ff3f-7e87-4050-a8f7-2551aec496fb.babylonbinarymeshdata",
			"boundingBoxMaximum": [
				1.1719303131103516,
				1.9521163702011108,
				2.240708351135254
			],
			"boundingBoxMinimum": [
				-1.1633546352386475,
				0.21019108593463898,
				-1.6592470407485962
			],
			"_binaryInfo": {
				"positionsAttrDesc": {
					"count": 18561,
					"stride": 3,
					"offset": 0,
					"dataType": 1
				},
				"normalsAttrDesc": {
					"count": 18561,
					"stride": 3,
					"offset": 74244,
					"dataType": 1
				},
				"uvsAttrDesc": {
					"count": 12374,
					"stride": 2,
					"offset": 148488,
					"dataType": 1
				},
				"uvs2AttrDesc": {
					"count": 12374,
					"stride": 2,
					"offset": 197984,
					"dataType": 1
				},
				"tangetsAttrDesc": {
					"count": 24748,
					"stride": 3,
					"offset": 247480,
					"dataType": 1
				},
				"indicesAttrDesc": {
					"count": 11298,
					"stride": 1,
					"offset": 346472,
					"dataType": 0
				},
				"subMeshesAttrDesc": {
					"count": 1,
					"stride": 5,
					"offset": 391664,
					"dataType": 0
				}
			},
			"positions": null,
			"normals": null,
			"uvs": null,
			"hasUVs": true,
			"uv2s": null,
			"hasUVs2": true,
			"tangents": null,
			"indices": null
		}
	],
	"multiMaterials": [],
	"lods": []
}