{
	"materials": [],
	"meshes": [
		{
			"name": "ROVER_primitive2",
			"id": "b97d95fc-7622-4c43-b456-96f9019c2c86",
			"uniqueId": 631,
			"type": "Mesh",
			"position": [
				0,
				0,
				0
			],
			"rotation": [
				0,
				0,
				0
			],
			"scaling": [
				1,
				1,
				1
			],
			"localMatrix": {
				"0": 1,
				"1": 0,
				"2": 0,
				"3": 0,
				"4": 0,
				"5": 1,
				"6": 0,
				"7": 0,
				"8": 0,
				"9": 0,
				"10": 1,
				"11": 0,
				"12": 0,
				"13": 0,
				"14": 0,
				"15": 1
			},
			"isEnabled": true,
			"isVisible": true,
			"infiniteDistance": false,
			"pickable": true,
			"receiveShadows": false,
			"billboardMode": 0,
			"visibility": 1,
			"checkCollisions": false,
			"isBlocker": false,
			"overrideMaterialSideOrientation": 0,
			"parentId": "3e2136e1-7616-4878-8380-2e0b520d096e",
			"isUnIndexed": false,
			"geometryId": "1c4bd429-c7fb-40e1-a15a-a26fc1f5f28e",
			"subMeshes": null,
			"materialId": "cf03b924-ef74-4f1e-84cb-676ea05cfbfa",
			"metadata": {
				"basePoseMatrix": {
					"0": -0.42194095253944397,
					"1": 0,
					"2": 0,
					"3": 0,
					"4": 0,
					"5": 0.42194095253944397,
					"6": 0,
					"7": 0,
					"8": 0,
					"9": 0,
					"10": 0.42194095253944397,
					"11": 0,
					"12": 8.227848052978516,
					"13": -0.3375527262687683,
					"14": 2.1097047328948975,
					"15": 1
				},
				"originalSourceFile": {
					"id": "ROVER_primitive2",
					"name": "ROVER_primitive2",
					"sceneFileName": "SATELLITE/satelite.glb"
				},
				"isPickable": false
			},
			"instances": [],
			"animations": [],
			"ranges": [],
			"layerMask": 268435455,
			"alphaIndex": 1.7976931348623157e+308,
			"hasVertexAlpha": false,
			"overlayAlpha": 0.3,
			"overlayColor": [
				1,
				0,
				0
			],
			"applyFog": true,
			"delayLoadingFile": "geometries/1c4bd429-c7fb-40e1-a15a-a26fc1f5f28e.babylonbinarymeshdata",
			"boundingBoxMaximum": [
				1.0736756324768066,
				1.8335773944854736,
				1.211206078529358
			],
			"boundingBoxMinimum": [
				-1.0654244422912598,
				0.21078208088874817,
				-1.229652762413025
			],
			"_binaryInfo": {
				"positionsAttrDesc": {
					"count": 23538,
					"stride": 3,
					"offset": 0,
					"dataType": 1
				},
				"normalsAttrDesc": {
					"count": 23538,
					"stride": 3,
					"offset": 94152,
					"dataType": 1
				},
				"uvsAttrDesc": {
					"count": 15692,
					"stride": 2,
					"offset": 188304,
					"dataType": 1
				},
				"uvs2AttrDesc": {
					"count": 15692,
					"stride": 2,
					"offset": 251072,
					"dataType": 1
				},
				"tangetsAttrDesc": {
					"count": 31384,
					"stride": 3,
					"offset": 313840,
					"dataType": 1
				},
				"indicesAttrDesc": {
					"count": 13275,
					"stride": 1,
					"offset": 439376,
					"dataType": 0
				},
				"subMeshesAttrDesc": {
					"count": 1,
					"stride": 5,
					"offset": 492476,
					"dataType": 0
				}
			},
			"positions": null,
			"normals": null,
			"uvs": null,
			"hasUVs": true,
			"uv2s": null,
			"hasUVs2": true,
			"tangents": null,
			"indices": null
		}
	],
	"multiMaterials": [],
	"lods": []
}