{
	"materials": [],
	"meshes": [
		{
			"name": "SM_Electric_Box3",
			"id": "d6762fc1-131c-49b8-b6ae-e5c565c86bbc",
			"uniqueId": 2636,
			"type": "Mesh",
			"position": [
				13.7999992,
				0.799999952,
				12.3999996
			],
			"rotationQuaternion": [
				0,
				0.819152057,
				0,
				0.57357645
			],
			"scaling": [
				3.18499994,
				3.18499994,
				3.18499994
			],
			"localMatrix": {
				"0": 1,
				"1": 0,
				"2": 0,
				"3": 0,
				"4": 0,
				"5": 1,
				"6": 0,
				"7": 0,
				"8": 0,
				"9": 0,
				"10": 1,
				"11": 0,
				"12": 0,
				"13": 0,
				"14": 0,
				"15": 1
			},
			"isEnabled": true,
			"isVisible": true,
			"infiniteDistance": false,
			"pickable": true,
			"receiveShadows": false,
			"billboardMode": 0,
			"visibility": 1,
			"checkCollisions": true,
			"isBlocker": false,
			"overrideMaterialSideOrientation": 0,
			"parentId": "e1ffa980-3f62-44a9-a281-d74721b4e502",
			"isUnIndexed": false,
			"geometryId": "81aeef4d-d23b-456b-bd3e-1f425219517c",
			"subMeshes": null,
			"materialId": "f6a6e7f1-5f76-4322-aa69-a8e0c24c2712",
			"metadata": {
				"basePoseMatrix": {
					"0": 0.10738465934991837,
					"1": 0,
					"2": -0.2950369119644165,
					"3": 0,
					"4": 0,
					"5": 0.31397175788879395,
					"6": 0,
					"7": 0,
					"8": -0.2950369119644165,
					"9": 0,
					"10": -0.10738465934991837,
					"11": 0,
					"12": 5.140366077423096,
					"13": -0.2511773705482483,
					"14": -2.7399394512176514,
					"15": 1
				},
				"originalSourceFile": {
					"id": "SM_Electric_Box3",
					"name": "SM_Electric_Box3",
					"sceneFileName": "TELESCOPE/oBSERVATORY.glb"
				},
				"isPickable": false,
				"script": {
					"name": "None"
				},
				"renderingGroupId": 0
			},
			"instances": [
				{
					"name": "SM_Electric_Box1",
					"id": "22e1e8c5-3341-458e-b315-ba6cbeb9aa74",
					"isEnabled": true,
					"isVisible": true,
					"isPickable": true,
					"checkCollisions": true,
					"position": [
						14.5999994,
						0.799999952,
						15.2999992
					],
					"scaling": [
						3.18499994,
						3.18499994,
						3.18499994
					],
					"parentId": "e1ffa980-3f62-44a9-a281-d74721b4e502",
					"rotationQuaternion": [
						0,
						0.819152057,
						0,
						0.57357645
					],
					"metadata": {
						"basePoseMatrix": {
							"0": -0.10738465934991837,
							"1": 0,
							"2": 0.2950369119644165,
							"3": 0,
							"4": 0,
							"5": 0.31397175788879395,
							"6": 0,
							"7": 0,
							"8": -0.2950369119644165,
							"9": 0,
							"10": -0.10738465934991837,
							"11": 0,
							"12": 5.140366077423096,
							"13": -0.2511773705482483,
							"14": -2.7399394512176514,
							"15": 1
						},
						"isPickable": false,
						"script": {
							"name": "None"
						},
						"renderingGroupId": 0
					},
					"animations": [],
					"ranges": []
				},
				{
					"name": "SM_Electric_Box2",
					"id": "dee7456c-1517-4c7a-81a2-1c951a661513",
					"isEnabled": true,
					"isVisible": true,
					"isPickable": true,
					"checkCollisions": true,
					"position": [
						13.0999994,
						0.799999952,
						9.5
					],
					"scaling": [
						3.18499994,
						3.18499994,
						3.18499994
					],
					"parentId": "e1ffa980-3f62-44a9-a281-d74721b4e502",
					"rotationQuaternion": [
						0,
						0.819152057,
						0,
						0.57357645
					],
					"metadata": {
						"basePoseMatrix": {
							"0": -0.10738465934991837,
							"1": 0,
							"2": 0.2950369119644165,
							"3": 0,
							"4": 0,
							"5": 0.31397175788879395,
							"6": 0,
							"7": 0,
							"8": -0.2950369119644165,
							"9": 0,
							"10": -0.10738465934991837,
							"11": 0,
							"12": 5.140366077423096,
							"13": -0.2511773705482483,
							"14": -2.7399394512176514,
							"15": 1
						},
						"isPickable": false,
						"script": {
							"name": "None"
						},
						"renderingGroupId": 0
					},
					"animations": [],
					"ranges": []
				}
			],
			"animations": [],
			"ranges": [],
			"layerMask": 268435455,
			"alphaIndex": 1.7976931348623157e+308,
			"hasVertexAlpha": false,
			"overlayAlpha": 0.5,
			"overlayColor": [
				1,
				0,
				0
			],
			"applyFog": true,
			"delayLoadingFile": "geometries/81aeef4d-d23b-456b-bd3e-1f425219517c.babylonbinarymeshdata",
			"boundingBoxMaximum": [
				0.47264429926872253,
				0.31499698758125305,
				0.26900917291641235
			],
			"boundingBoxMinimum": [
				-0.4730530083179474,
				-0.31433677673339844,
				-0.001952736172825098
			],
			"_binaryInfo": {
				"positionsAttrDesc": {
					"count": 4665,
					"stride": 3,
					"offset": 0,
					"dataType": 1
				},
				"normalsAttrDesc": {
					"count": 4665,
					"stride": 3,
					"offset": 18660,
					"dataType": 1
				},
				"uvsAttrDesc": {
					"count": 3110,
					"stride": 2,
					"offset": 37320,
					"dataType": 1
				},
				"uvs2AttrDesc": {
					"count": 3110,
					"stride": 2,
					"offset": 49760,
					"dataType": 1
				},
				"tangetsAttrDesc": {
					"count": 6220,
					"stride": 3,
					"offset": 62200,
					"dataType": 1
				},
				"indicesAttrDesc": {
					"count": 4167,
					"stride": 1,
					"offset": 87080,
					"dataType": 0
				},
				"subMeshesAttrDesc": {
					"count": 1,
					"stride": 5,
					"offset": 103748,
					"dataType": 0
				}
			},
			"positions": null,
			"normals": null,
			"uvs": null,
			"hasUVs": true,
			"uv2s": null,
			"hasUVs2": true,
			"tangents": null,
			"indices": null
		}
	],
	"multiMaterials": [],
	"lods": []
}