{
	"materials": [],
	"meshes": [
		{
			"name": "telescoperemodel_primitive3",
			"id": "c30d7de8-4daa-47b1-ac0c-e04e4f145538",
			"uniqueId": 2591,
			"type": "Mesh",
			"position": [
				0,
				0,
				0
			],
			"rotation": [
				0,
				0,
				0
			],
			"scaling": [
				1,
				1,
				1
			],
			"localMatrix": {
				"0": 1,
				"1": 0,
				"2": 0,
				"3": 0,
				"4": 0,
				"5": 1,
				"6": 0,
				"7": 0,
				"8": 0,
				"9": 0,
				"10": 1,
				"11": 0,
				"12": 0,
				"13": 0,
				"14": 0,
				"15": 1
			},
			"isEnabled": true,
			"isVisible": true,
			"infiniteDistance": false,
			"pickable": true,
			"receiveShadows": false,
			"billboardMode": 0,
			"visibility": 1,
			"checkCollisions": true,
			"isBlocker": false,
			"overrideMaterialSideOrientation": 0,
			"parentId": "75da20aa-4d5d-4477-ab3d-ee5beccd78bc",
			"isUnIndexed": false,
			"geometryId": "392493dc-cf16-4839-a036-a5d5bc56a2ef",
			"subMeshes": null,
			"materialId": "a43bff12-a345-4a32-9aba-50ac5e71034b",
			"metadata": {
				"basePoseMatrix": {
					"0": -2.291933059692383,
					"1": 0,
					"2": -0.834195613861084,
					"3": 0,
					"4": 0,
					"5": 2.4390244483947754,
					"6": 0,
					"7": 0,
					"8": -0.834195613861084,
					"9": 0,
					"10": 2.291933059692383,
					"11": 0,
					"12": -4.014259338378906,
					"13": -22.195119857788086,
					"14": -25.34018325805664,
					"15": 1
				},
				"originalSourceFile": {
					"id": "telescoperemodel_primitive3",
					"name": "telescoperemodel_primitive3",
					"sceneFileName": "TELESCOPE/oBSERVATORY.glb"
				},
				"isPickable": false,
				"script": {
					"name": "None"
				},
				"renderingGroupId": 0
			},
			"instances": [],
			"animations": [],
			"ranges": [],
			"layerMask": 268435455,
			"alphaIndex": 1.7976931348623157e+308,
			"hasVertexAlpha": false,
			"overlayAlpha": 0.5,
			"overlayColor": [
				1,
				0,
				0
			],
			"applyFog": true,
			"delayLoadingFile": "geometries/392493dc-cf16-4839-a036-a5d5bc56a2ef.babylonbinarymeshdata",
			"boundingBoxMaximum": [
				6.912791728973389,
				26.342864990234375,
				16.112842559814453
			],
			"boundingBoxMinimum": [
				-9.818058967590332,
				-20.008588790893555,
				-45.162044525146484
			],
			"_binaryInfo": {
				"positionsAttrDesc": {
					"count": 693,
					"stride": 3,
					"offset": 0,
					"dataType": 1
				},
				"normalsAttrDesc": {
					"count": 693,
					"stride": 3,
					"offset": 2772,
					"dataType": 1
				},
				"uvsAttrDesc": {
					"count": 462,
					"stride": 2,
					"offset": 5544,
					"dataType": 1
				},
				"uvs2AttrDesc": {
					"count": 462,
					"stride": 2,
					"offset": 7392,
					"dataType": 1
				},
				"tangetsAttrDesc": {
					"count": 924,
					"stride": 3,
					"offset": 9240,
					"dataType": 1
				},
				"indicesAttrDesc": {
					"count": 552,
					"stride": 1,
					"offset": 12936,
					"dataType": 0
				},
				"subMeshesAttrDesc": {
					"count": 1,
					"stride": 5,
					"offset": 15144,
					"dataType": 0
				}
			},
			"positions": null,
			"normals": null,
			"uvs": null,
			"hasUVs": true,
			"uv2s": null,
			"hasUVs2": true,
			"tangents": null,
			"indices": null
		}
	],
	"multiMaterials": [],
	"lods": []
}