{
	"materials": [],
	"meshes": [
		{
			"name": "Vikram_lander_Cylinder012",
			"id": "5212b8c9-b6cc-436e-8a29-cac74119946c",
			"uniqueId": 875,
			"type": "Mesh",
			"position": [
				-21.5,
				3.70004559,
				-20.480999
			],
			"rotationQuaternion": [
				0.707106829,
				0,
				0,
				0.707106829
			],
			"scaling": [
				1,
				1,
				1
			],
			"localMatrix": {
				"0": 1,
				"1": 0,
				"2": 0,
				"3": 0,
				"4": 0,
				"5": 1,
				"6": 0,
				"7": 0,
				"8": 0,
				"9": 0,
				"10": 1,
				"11": 0,
				"12": 0,
				"13": 0,
				"14": 0,
				"15": 1
			},
			"isEnabled": true,
			"isVisible": true,
			"infiniteDistance": false,
			"pickable": true,
			"receiveShadows": false,
			"billboardMode": 0,
			"visibility": 1,
			"checkCollisions": false,
			"isBlocker": false,
			"overrideMaterialSideOrientation": 0,
			"parentId": "0a6b7be4-2db0-4d3e-8950-feeb9d902670",
			"isUnIndexed": false,
			"geometryId": "36b54e8d-f5f1-4d2a-b3c0-c1cc90357be5",
			"subMeshes": null,
			"materialId": "cd7e6706-ac93-48a9-9afd-ba225f8cc1b7",
			"metadata": {
				"basePoseMatrix": {
					"0": -1,
					"1": 0,
					"2": 0,
					"3": 0,
					"4": 0,
					"5": -1.3523684572191996e-7,
					"6": -0.9999998807907104,
					"7": 0,
					"8": 0,
					"9": 0.9999998807907104,
					"10": -1.3523684572191996e-7,
					"11": 0,
					"12": 21.5,
					"13": 20.48099708557129,
					"14": 3.700042486190796,
					"15": 1
				},
				"originalSourceFile": {
					"id": "Vikram_lander_Cylinder012",
					"name": "Vikram_lander_Cylinder012",
					"sceneFileName": "SATELLITE/satelite.glb"
				},
				"isPickable": false
			},
			"instances": [],
			"animations": [],
			"ranges": [],
			"layerMask": 268435455,
			"alphaIndex": 1.7976931348623157e+308,
			"hasVertexAlpha": false,
			"overlayAlpha": 0.3,
			"overlayColor": [
				1,
				0,
				0
			],
			"applyFog": true,
			"delayLoadingFile": "geometries/36b54e8d-f5f1-4d2a-b3c0-c1cc90357be5.babylonbinarymeshdata",
			"boundingBoxMaximum": [
				-0.4040069878101349,
				0.6372499465942383,
				0.4359380006790161
			],
			"boundingBoxMinimum": [
				-0.6632689237594604,
				0.3819260001182556,
				0.004815999884158373
			],
			"_binaryInfo": {
				"positionsAttrDesc": {
					"count": 1200,
					"stride": 3,
					"offset": 0,
					"dataType": 1
				},
				"normalsAttrDesc": {
					"count": 1200,
					"stride": 3,
					"offset": 4800,
					"dataType": 1
				},
				"uvsAttrDesc": {
					"count": 800,
					"stride": 2,
					"offset": 9600,
					"dataType": 1
				},
				"uvs2AttrDesc": {
					"count": 800,
					"stride": 2,
					"offset": 12800,
					"dataType": 1
				},
				"tangetsAttrDesc": {
					"count": 1600,
					"stride": 3,
					"offset": 16000,
					"dataType": 1
				},
				"indicesAttrDesc": {
					"count": 804,
					"stride": 1,
					"offset": 22400,
					"dataType": 0
				},
				"subMeshesAttrDesc": {
					"count": 1,
					"stride": 5,
					"offset": 25616,
					"dataType": 0
				}
			},
			"positions": null,
			"normals": null,
			"uvs": null,
			"hasUVs": true,
			"uv2s": null,
			"hasUVs2": true,
			"tangents": null,
			"indices": null
		}
	],
	"multiMaterials": [],
	"lods": []
}