{
	"materials": [],
	"meshes": [
		{
			"name": "Vikram_lander_Object001",
			"id": "504db3e2-4ce5-4ac0-9ec8-8515930d6505",
			"uniqueId": 938,
			"type": "Mesh",
			"position": [
				-21.5,
				3.70004559,
				-20.480999
			],
			"rotationQuaternion": [
				0.707106829,
				0,
				0,
				0.707106829
			],
			"scaling": [
				1,
				1,
				1
			],
			"localMatrix": {
				"0": 1,
				"1": 0,
				"2": 0,
				"3": 0,
				"4": 0,
				"5": 1,
				"6": 0,
				"7": 0,
				"8": 0,
				"9": 0,
				"10": 1,
				"11": 0,
				"12": 0,
				"13": 0,
				"14": 0,
				"15": 1
			},
			"isEnabled": true,
			"isVisible": true,
			"infiniteDistance": false,
			"pickable": true,
			"receiveShadows": false,
			"billboardMode": 0,
			"visibility": 1,
			"checkCollisions": false,
			"isBlocker": false,
			"overrideMaterialSideOrientation": 0,
			"parentId": "0a6b7be4-2db0-4d3e-8950-feeb9d902670",
			"isUnIndexed": false,
			"geometryId": "23a42c70-0df5-4d7b-a5d1-4080f394e995",
			"subMeshes": null,
			"materialId": "c6b178be-1c34-4332-9b67-19cf6393129f",
			"metadata": {
				"basePoseMatrix": {
					"0": -1,
					"1": 0,
					"2": 0,
					"3": 0,
					"4": 0,
					"5": -1.3523684572191996e-7,
					"6": -0.9999998807907104,
					"7": 0,
					"8": 0,
					"9": 0.9999998807907104,
					"10": -1.3523684572191996e-7,
					"11": 0,
					"12": 21.5,
					"13": 20.48099708557129,
					"14": 3.700042486190796,
					"15": 1
				},
				"originalSourceFile": {
					"id": "Vikram_lander_Object001",
					"name": "Vikram_lander_Object001",
					"sceneFileName": "SATELLITE/satelite.glb"
				},
				"isPickable": false
			},
			"instances": [],
			"animations": [],
			"ranges": [],
			"layerMask": 268435455,
			"alphaIndex": 1.7976931348623157e+308,
			"hasVertexAlpha": false,
			"overlayAlpha": 0.5,
			"overlayColor": [
				1,
				0,
				0
			],
			"applyFog": true,
			"delayLoadingFile": "geometries/23a42c70-0df5-4d7b-a5d1-4080f394e995.babylonbinarymeshdata",
			"boundingBoxMaximum": [
				-0.6935959458351135,
				0.7030119895935059,
				-0.461887001991272
			],
			"boundingBoxMinimum": [
				-0.6935959458351135,
				0.2129639983177185,
				-0.7519270181655884
			],
			"_binaryInfo": {
				"positionsAttrDesc": {
					"count": 27,
					"stride": 3,
					"offset": 0,
					"dataType": 1
				},
				"normalsAttrDesc": {
					"count": 27,
					"stride": 3,
					"offset": 108,
					"dataType": 1
				},
				"uvsAttrDesc": {
					"count": 18,
					"stride": 2,
					"offset": 216,
					"dataType": 1
				},
				"uvs2AttrDesc": {
					"count": 18,
					"stride": 2,
					"offset": 288,
					"dataType": 1
				},
				"tangetsAttrDesc": {
					"count": 36,
					"stride": 3,
					"offset": 360,
					"dataType": 1
				},
				"indicesAttrDesc": {
					"count": 21,
					"stride": 1,
					"offset": 504,
					"dataType": 0
				},
				"subMeshesAttrDesc": {
					"count": 1,
					"stride": 5,
					"offset": 588,
					"dataType": 0
				}
			},
			"positions": null,
			"normals": null,
			"uvs": null,
			"hasUVs": true,
			"uv2s": null,
			"hasUVs2": true,
			"tangents": null,
			"indices": null
		}
	],
	"multiMaterials": [],
	"lods": []
}