{
	"materials": [],
	"meshes": [
		{
			"name": "Vikram_lander_leg008",
			"id": "f5121afc-ae15-4357-9c43-b2135fab6096",
			"uniqueId": 935,
			"type": "Mesh",
			"position": [
				-21.5,
				3.70004559,
				-20.480999
			],
			"rotationQuaternion": [
				0.707106829,
				0,
				0,
				0.707106829
			],
			"scaling": [
				1,
				1,
				1
			],
			"localMatrix": {
				"0": 1,
				"1": 0,
				"2": 0,
				"3": 0,
				"4": 0,
				"5": 1,
				"6": 0,
				"7": 0,
				"8": 0,
				"9": 0,
				"10": 1,
				"11": 0,
				"12": 0,
				"13": 0,
				"14": 0,
				"15": 1
			},
			"isEnabled": true,
			"isVisible": true,
			"infiniteDistance": false,
			"pickable": true,
			"receiveShadows": false,
			"billboardMode": 0,
			"visibility": 1,
			"checkCollisions": false,
			"isBlocker": false,
			"overrideMaterialSideOrientation": 0,
			"parentId": "0a6b7be4-2db0-4d3e-8950-feeb9d902670",
			"isUnIndexed": false,
			"geometryId": "caafbf7b-0393-484b-908f-37b6a887e5de",
			"subMeshes": null,
			"materialId": "05298dc8-1b46-4724-97b4-f94268ce895c",
			"metadata": {
				"basePoseMatrix": {
					"0": -1,
					"1": 0,
					"2": 0,
					"3": 0,
					"4": 0,
					"5": -1.3523684572191996e-7,
					"6": -0.9999998807907104,
					"7": 0,
					"8": 0,
					"9": 0.9999998807907104,
					"10": -1.3523684572191996e-7,
					"11": 0,
					"12": 21.5,
					"13": 20.48099708557129,
					"14": 3.700042486190796,
					"15": 1
				},
				"originalSourceFile": {
					"id": "Vikram_lander_leg008",
					"name": "Vikram_lander_leg008",
					"sceneFileName": "SATELLITE/satelite.glb"
				},
				"isPickable": false
			},
			"instances": [],
			"animations": [],
			"ranges": [],
			"layerMask": 268435455,
			"alphaIndex": 1.7976931348623157e+308,
			"hasVertexAlpha": false,
			"overlayAlpha": 0.5,
			"overlayColor": [
				1,
				0,
				0
			],
			"applyFog": true,
			"delayLoadingFile": "geometries/caafbf7b-0393-484b-908f-37b6a887e5de.babylonbinarymeshdata",
			"boundingBoxMaximum": [
				0.5862969756126404,
				0.05333299934864044,
				-0.754298985004425
			],
			"boundingBoxMinimum": [
				0.5268679857254028,
				-0.24418599903583527,
				-1.4998550415039062
			],
			"_binaryInfo": {
				"positionsAttrDesc": {
					"count": 216,
					"stride": 3,
					"offset": 0,
					"dataType": 1
				},
				"normalsAttrDesc": {
					"count": 216,
					"stride": 3,
					"offset": 864,
					"dataType": 1
				},
				"uvsAttrDesc": {
					"count": 144,
					"stride": 2,
					"offset": 1728,
					"dataType": 1
				},
				"uvs2AttrDesc": {
					"count": 144,
					"stride": 2,
					"offset": 2304,
					"dataType": 1
				},
				"tangetsAttrDesc": {
					"count": 288,
					"stride": 3,
					"offset": 2880,
					"dataType": 1
				},
				"indicesAttrDesc": {
					"count": 108,
					"stride": 1,
					"offset": 4032,
					"dataType": 0
				},
				"subMeshesAttrDesc": {
					"count": 1,
					"stride": 5,
					"offset": 4464,
					"dataType": 0
				}
			},
			"positions": null,
			"normals": null,
			"uvs": null,
			"hasUVs": true,
			"uv2s": null,
			"hasUVs2": true,
			"tangents": null,
			"indices": null
		}
	],
	"multiMaterials": [],
	"lods": []
}