{
	"materials": [],
	"meshes": [
		{
			"name": "Vikram_lander_Door001",
			"id": "a0d7283d-6680-4847-97b4-af555f888f4f",
			"uniqueId": 914,
			"type": "Mesh",
			"position": [
				-21.5,
				3.70004559,
				-20.480999
			],
			"rotationQuaternion": [
				0.707106829,
				0,
				0,
				0.707106829
			],
			"scaling": [
				1,
				1,
				1
			],
			"localMatrix": {
				"0": 1,
				"1": 0,
				"2": 0,
				"3": 0,
				"4": 0,
				"5": 1,
				"6": 0,
				"7": 0,
				"8": 0,
				"9": 0,
				"10": 1,
				"11": 0,
				"12": 0,
				"13": 0,
				"14": 0,
				"15": 1
			},
			"isEnabled": true,
			"isVisible": true,
			"infiniteDistance": false,
			"pickable": true,
			"receiveShadows": false,
			"billboardMode": 0,
			"visibility": 1,
			"checkCollisions": false,
			"isBlocker": false,
			"overrideMaterialSideOrientation": 0,
			"parentId": "0a6b7be4-2db0-4d3e-8950-feeb9d902670",
			"isUnIndexed": false,
			"geometryId": "5158452e-272a-4544-bc0c-72199e56b88c",
			"subMeshes": null,
			"materialId": "0e710748-479b-4103-988d-cd05b3746251",
			"metadata": {
				"basePoseMatrix": {
					"0": -1,
					"1": 0,
					"2": 0,
					"3": 0,
					"4": 0,
					"5": -1.3523684572191996e-7,
					"6": -0.9999998807907104,
					"7": 0,
					"8": 0,
					"9": 0.9999998807907104,
					"10": -1.3523684572191996e-7,
					"11": 0,
					"12": 21.5,
					"13": 20.48099708557129,
					"14": 3.700042486190796,
					"15": 1
				},
				"originalSourceFile": {
					"id": "Vikram_lander_Door001",
					"name": "Vikram_lander_Door001",
					"sceneFileName": "SATELLITE/satelite.glb"
				},
				"isPickable": false
			},
			"instances": [],
			"animations": [],
			"ranges": [],
			"layerMask": 268435455,
			"alphaIndex": 1.7976931348623157e+308,
			"hasVertexAlpha": false,
			"overlayAlpha": 0.3,
			"overlayColor": [
				1,
				0,
				0
			],
			"applyFog": true,
			"delayLoadingFile": "geometries/5158452e-272a-4544-bc0c-72199e56b88c.babylonbinarymeshdata",
			"boundingBoxMaximum": [
				0.7190759778022766,
				0.34435999393463135,
				-0.744979977607727
			],
			"boundingBoxMinimum": [
				0.6488879919052124,
				-0.2332959920167923,
				-1.6698648929595947
			],
			"_binaryInfo": {
				"positionsAttrDesc": {
					"count": 24,
					"stride": 3,
					"offset": 0,
					"dataType": 1
				},
				"normalsAttrDesc": {
					"count": 24,
					"stride": 3,
					"offset": 96,
					"dataType": 1
				},
				"uvsAttrDesc": {
					"count": 16,
					"stride": 2,
					"offset": 192,
					"dataType": 1
				},
				"uvs2AttrDesc": {
					"count": 16,
					"stride": 2,
					"offset": 256,
					"dataType": 1
				},
				"tangetsAttrDesc": {
					"count": 32,
					"stride": 3,
					"offset": 320,
					"dataType": 1
				},
				"indicesAttrDesc": {
					"count": 24,
					"stride": 1,
					"offset": 448,
					"dataType": 0
				},
				"subMeshesAttrDesc": {
					"count": 1,
					"stride": 5,
					"offset": 544,
					"dataType": 0
				}
			},
			"positions": null,
			"normals": null,
			"uvs": null,
			"hasUVs": true,
			"uv2s": null,
			"hasUVs2": true,
			"tangents": null,
			"indices": null
		}
	],
	"multiMaterials": [],
	"lods": []
}