{
	"materials": [],
	"meshes": [
		{
			"name": "Vikram_lander_leg003",
			"id": "b564d1db-4bf7-4c35-90f2-4cd4102d11a0",
			"uniqueId": 926,
			"type": "Mesh",
			"position": [
				-21.5,
				3.70004559,
				-20.480999
			],
			"rotationQuaternion": [
				0.707106829,
				0,
				0,
				0.707106829
			],
			"scaling": [
				1,
				1,
				1
			],
			"localMatrix": {
				"0": 1,
				"1": 0,
				"2": 0,
				"3": 0,
				"4": 0,
				"5": 1,
				"6": 0,
				"7": 0,
				"8": 0,
				"9": 0,
				"10": 1,
				"11": 0,
				"12": 0,
				"13": 0,
				"14": 0,
				"15": 1
			},
			"isEnabled": true,
			"isVisible": true,
			"infiniteDistance": false,
			"pickable": true,
			"receiveShadows": false,
			"billboardMode": 0,
			"visibility": 1,
			"checkCollisions": false,
			"isBlocker": false,
			"overrideMaterialSideOrientation": 0,
			"parentId": "0a6b7be4-2db0-4d3e-8950-feeb9d902670",
			"isUnIndexed": false,
			"geometryId": "170a09d6-c322-45dd-aa0f-90bf846b6bb6",
			"subMeshes": null,
			"materialId": "f3397dbf-d51d-4387-a13a-8d90d3cae984",
			"metadata": {
				"basePoseMatrix": {
					"0": -1,
					"1": 0,
					"2": 0,
					"3": 0,
					"4": 0,
					"5": -1.3523684572191996e-7,
					"6": -0.9999998807907104,
					"7": 0,
					"8": 0,
					"9": 0.9999998807907104,
					"10": -1.3523684572191996e-7,
					"11": 0,
					"12": 21.5,
					"13": 20.48099708557129,
					"14": 3.700042486190796,
					"15": 1
				},
				"originalSourceFile": {
					"id": "Vikram_lander_leg003",
					"name": "Vikram_lander_leg003",
					"sceneFileName": "SATELLITE/satelite.glb"
				},
				"isPickable": false
			},
			"instances": [],
			"animations": [],
			"ranges": [],
			"layerMask": 268435455,
			"alphaIndex": 1.7976931348623157e+308,
			"hasVertexAlpha": false,
			"overlayAlpha": 0.3,
			"overlayColor": [
				1,
				0,
				0
			],
			"applyFog": true,
			"delayLoadingFile": "geometries/170a09d6-c322-45dd-aa0f-90bf846b6bb6.babylonbinarymeshdata",
			"boundingBoxMaximum": [
				0.7004839777946472,
				1.012226939201355,
				0.6799829602241516
			],
			"boundingBoxMinimum": [
				0.6130250096321106,
				0.656482994556427,
				-0.034591998904943466
			],
			"_binaryInfo": {
				"positionsAttrDesc": {
					"count": 4272,
					"stride": 3,
					"offset": 0,
					"dataType": 1
				},
				"normalsAttrDesc": {
					"count": 4272,
					"stride": 3,
					"offset": 17088,
					"dataType": 1
				},
				"uvsAttrDesc": {
					"count": 2848,
					"stride": 2,
					"offset": 34176,
					"dataType": 1
				},
				"uvs2AttrDesc": {
					"count": 2848,
					"stride": 2,
					"offset": 45568,
					"dataType": 1
				},
				"tangetsAttrDesc": {
					"count": 5696,
					"stride": 3,
					"offset": 56960,
					"dataType": 1
				},
				"indicesAttrDesc": {
					"count": 2160,
					"stride": 1,
					"offset": 79744,
					"dataType": 0
				},
				"subMeshesAttrDesc": {
					"count": 1,
					"stride": 5,
					"offset": 88384,
					"dataType": 0
				}
			},
			"positions": null,
			"normals": null,
			"uvs": null,
			"hasUVs": true,
			"uv2s": null,
			"hasUVs2": true,
			"tangents": null,
			"indices": null
		}
	],
	"multiMaterials": [],
	"lods": []
}