{
	"materials": [],
	"meshes": [
		{
			"name": "Vikram_lander_Cylinder002",
			"id": "d98c69eb-8137-4dc5-a82f-0b3cba5ddca4",
			"uniqueId": 849,
			"type": "Mesh",
			"position": [
				-21.5,
				3.70004559,
				-20.480999
			],
			"rotationQuaternion": [
				0.707106829,
				0,
				0,
				0.707106829
			],
			"scaling": [
				1,
				1,
				1
			],
			"localMatrix": {
				"0": 1,
				"1": 0,
				"2": 0,
				"3": 0,
				"4": 0,
				"5": 1,
				"6": 0,
				"7": 0,
				"8": 0,
				"9": 0,
				"10": 1,
				"11": 0,
				"12": 0,
				"13": 0,
				"14": 0,
				"15": 1
			},
			"isEnabled": true,
			"isVisible": true,
			"infiniteDistance": false,
			"pickable": true,
			"receiveShadows": false,
			"billboardMode": 0,
			"visibility": 1,
			"checkCollisions": false,
			"isBlocker": false,
			"overrideMaterialSideOrientation": 0,
			"parentId": "0a6b7be4-2db0-4d3e-8950-feeb9d902670",
			"isUnIndexed": false,
			"geometryId": "68401c06-c20e-4cde-9b5d-7ec255059667",
			"subMeshes": null,
			"materialId": "3c7d6ccd-efde-40b9-a86b-fe84911b04ea",
			"metadata": {
				"basePoseMatrix": {
					"0": -1,
					"1": 0,
					"2": 0,
					"3": 0,
					"4": 0,
					"5": -1.3523684572191996e-7,
					"6": -0.9999998807907104,
					"7": 0,
					"8": 0,
					"9": 0.9999998807907104,
					"10": -1.3523684572191996e-7,
					"11": 0,
					"12": 21.5,
					"13": 20.48099708557129,
					"14": 3.700042486190796,
					"15": 1
				},
				"originalSourceFile": {
					"id": "Vikram_lander_Cylinder002",
					"name": "Vikram_lander_Cylinder002",
					"sceneFileName": "SATELLITE/satelite.glb"
				},
				"isPickable": false
			},
			"instances": [],
			"animations": [],
			"ranges": [],
			"layerMask": 268435455,
			"alphaIndex": 1.7976931348623157e+308,
			"hasVertexAlpha": false,
			"overlayAlpha": 0.5,
			"overlayColor": [
				1,
				0,
				0
			],
			"applyFog": true,
			"delayLoadingFile": "geometries/68401c06-c20e-4cde-9b5d-7ec255059667.babylonbinarymeshdata",
			"boundingBoxMaximum": [
				-0.5374040007591248,
				-0.4503939747810364,
				0.6889140009880066
			],
			"boundingBoxMinimum": [
				-0.6717780232429504,
				-0.8792610168457031,
				-0.0038850000128149986
			],
			"_binaryInfo": {
				"positionsAttrDesc": {
					"count": 330,
					"stride": 3,
					"offset": 0,
					"dataType": 1
				},
				"normalsAttrDesc": {
					"count": 330,
					"stride": 3,
					"offset": 1320,
					"dataType": 1
				},
				"uvsAttrDesc": {
					"count": 220,
					"stride": 2,
					"offset": 2640,
					"dataType": 1
				},
				"uvs2AttrDesc": {
					"count": 220,
					"stride": 2,
					"offset": 3520,
					"dataType": 1
				},
				"tangetsAttrDesc": {
					"count": 440,
					"stride": 3,
					"offset": 4400,
					"dataType": 1
				},
				"indicesAttrDesc": {
					"count": 360,
					"stride": 1,
					"offset": 6160,
					"dataType": 0
				},
				"subMeshesAttrDesc": {
					"count": 1,
					"stride": 5,
					"offset": 7600,
					"dataType": 0
				}
			},
			"positions": null,
			"normals": null,
			"uvs": null,
			"hasUVs": true,
			"uv2s": null,
			"hasUVs2": true,
			"tangents": null,
			"indices": null
		}
	],
	"multiMaterials": [],
	"lods": []
}