{
	"materials": [],
	"meshes": [
		{
			"name": "International_Space_Station_Radiator_005_primitive0",
			"id": "5acda739-743f-4988-a03e-262d1033870e",
			"uniqueId": 726,
			"type": "Mesh",
			"position": [
				0,
				0,
				0
			],
			"rotation": [
				0,
				0,
				0
			],
			"scaling": [
				1,
				1,
				1
			],
			"localMatrix": {
				"0": 1,
				"1": 0,
				"2": 0,
				"3": 0,
				"4": 0,
				"5": 1,
				"6": 0,
				"7": 0,
				"8": 0,
				"9": 0,
				"10": 1,
				"11": 0,
				"12": 0,
				"13": 0,
				"14": 0,
				"15": 1
			},
			"isEnabled": true,
			"isVisible": true,
			"infiniteDistance": false,
			"pickable": true,
			"receiveShadows": false,
			"billboardMode": 0,
			"visibility": 1,
			"checkCollisions": false,
			"isBlocker": false,
			"overrideMaterialSideOrientation": 0,
			"parentId": "8bbe2bf3-44e2-45b2-b939-5c233b52f6e5",
			"isUnIndexed": false,
			"geometryId": "8894d6c3-3939-4a1c-8400-73efbfd61d34",
			"subMeshes": null,
			"materialId": "362d7892-e121-4f17-9a80-5f1777394be5",
			"metadata": {
				"basePoseMatrix": {
					"0": -0.9481220841407776,
					"1": -0.0012004646705463529,
					"2": 0.3179042339324951,
					"3": 0,
					"4": 0.15434668958187103,
					"5": 0.8724868297576904,
					"6": 0.46362030506134033,
					"7": 0,
					"8": 0.2779237926006317,
					"9": -0.4886361062526703,
					"10": 0.8270387649536133,
					"11": 0,
					"12": 2.373300790786743,
					"13": 11.103605270385742,
					"14": -0.7127842307090759,
					"15": 1
				},
				"originalSourceFile": {
					"id": "International_Space_Station_Radiator_005_primitive0",
					"name": "International_Space_Station_Radiator_005_primitive0",
					"sceneFileName": "SATELLITE/satelite.glb"
				},
				"isPickable": false
			},
			"instances": [],
			"animations": [],
			"ranges": [],
			"layerMask": 268435455,
			"alphaIndex": 1.7976931348623157e+308,
			"hasVertexAlpha": false,
			"overlayAlpha": 0.5,
			"overlayColor": [
				1,
				0,
				0
			],
			"applyFog": true,
			"delayLoadingFile": "geometries/8894d6c3-3939-4a1c-8400-73efbfd61d34.babylonbinarymeshdata",
			"boundingBoxMaximum": [
				12.517135620117188,
				14.071456909179688,
				24.297454833984375
			],
			"boundingBoxMinimum": [
				7.713107585906982,
				10.988059997558594,
				23.89788246154785
			],
			"_binaryInfo": {
				"positionsAttrDesc": {
					"count": 1008,
					"stride": 3,
					"offset": 0,
					"dataType": 1
				},
				"normalsAttrDesc": {
					"count": 1008,
					"stride": 3,
					"offset": 4032,
					"dataType": 1
				},
				"uvsAttrDesc": {
					"count": 672,
					"stride": 2,
					"offset": 8064,
					"dataType": 1
				},
				"uvs2AttrDesc": {
					"count": 672,
					"stride": 2,
					"offset": 10752,
					"dataType": 1
				},
				"tangetsAttrDesc": {
					"count": 1344,
					"stride": 3,
					"offset": 13440,
					"dataType": 1
				},
				"indicesAttrDesc": {
					"count": 480,
					"stride": 1,
					"offset": 18816,
					"dataType": 0
				},
				"subMeshesAttrDesc": {
					"count": 1,
					"stride": 5,
					"offset": 20736,
					"dataType": 0
				}
			},
			"positions": null,
			"normals": null,
			"uvs": null,
			"hasUVs": true,
			"uv2s": null,
			"hasUVs2": true,
			"tangents": null,
			"indices": null
		}
	],
	"multiMaterials": [],
	"lods": []
}