{
	"materials": [],
	"meshes": [
		{
			"name": "International_Space_Station_Solar_Array_006_primitive1",
			"id": "d9e87034-1920-4d9f-81d7-16bfe5933461",
			"uniqueId": 789,
			"type": "Mesh",
			"position": [
				0,
				0,
				0
			],
			"rotation": [
				0,
				0,
				0
			],
			"scaling": [
				1,
				1,
				1
			],
			"localMatrix": {
				"0": 1,
				"1": 0,
				"2": 0,
				"3": 0,
				"4": 0,
				"5": 1,
				"6": 0,
				"7": 0,
				"8": 0,
				"9": 0,
				"10": 1,
				"11": 0,
				"12": 0,
				"13": 0,
				"14": 0,
				"15": 1
			},
			"isEnabled": true,
			"isVisible": true,
			"infiniteDistance": false,
			"pickable": true,
			"receiveShadows": false,
			"billboardMode": 0,
			"visibility": 1,
			"checkCollisions": false,
			"isBlocker": false,
			"overrideMaterialSideOrientation": 0,
			"parentId": "40d10aea-29d8-40d9-a0e2-bc9f6c4b40f7",
			"isUnIndexed": false,
			"geometryId": "7c797867-4748-41dd-b323-39681c4c019c",
			"subMeshes": null,
			"materialId": "b79a48a5-4105-42d4-8013-f50ff0276ee9",
			"metadata": {
				"basePoseMatrix": {
					"0": -0.9481220841407776,
					"1": -0.0012004646705463529,
					"2": 0.3179042339324951,
					"3": 0,
					"4": 0.15434668958187103,
					"5": 0.8724868297576904,
					"6": 0.46362030506134033,
					"7": 0,
					"8": 0.2779237926006317,
					"9": -0.4886361062526703,
					"10": 0.8270387649536133,
					"11": 0,
					"12": 2.373300790786743,
					"13": 11.103605270385742,
					"14": -0.7127842307090759,
					"15": 1
				},
				"originalSourceFile": {
					"id": "International_Space_Station_Solar_Array_006_primitive1",
					"name": "International_Space_Station_Solar_Array_006_primitive1",
					"sceneFileName": "SATELLITE/satelite.glb"
				},
				"isPickable": false
			},
			"instances": [],
			"animations": [],
			"ranges": [],
			"layerMask": 268435455,
			"alphaIndex": 1.7976931348623157e+308,
			"hasVertexAlpha": false,
			"overlayAlpha": 0.3,
			"overlayColor": [
				1,
				0,
				0
			],
			"applyFog": true,
			"delayLoadingFile": "geometries/7c797867-4748-41dd-b323-39681c4c019c.babylonbinarymeshdata",
			"boundingBoxMaximum": [
				-0.9939308762550354,
				12.717792510986328,
				24.64155387878418
			],
			"boundingBoxMinimum": [
				-5.619570255279541,
				12.341720581054688,
				10.727032661437988
			],
			"_binaryInfo": {
				"positionsAttrDesc": {
					"count": 705,
					"stride": 3,
					"offset": 0,
					"dataType": 1
				},
				"normalsAttrDesc": {
					"count": 705,
					"stride": 3,
					"offset": 2820,
					"dataType": 1
				},
				"uvsAttrDesc": {
					"count": 470,
					"stride": 2,
					"offset": 5640,
					"dataType": 1
				},
				"uvs2AttrDesc": {
					"count": 470,
					"stride": 2,
					"offset": 7520,
					"dataType": 1
				},
				"tangetsAttrDesc": {
					"count": 940,
					"stride": 3,
					"offset": 9400,
					"dataType": 1
				},
				"indicesAttrDesc": {
					"count": 600,
					"stride": 1,
					"offset": 13160,
					"dataType": 0
				},
				"subMeshesAttrDesc": {
					"count": 1,
					"stride": 5,
					"offset": 15560,
					"dataType": 0
				}
			},
			"positions": null,
			"normals": null,
			"uvs": null,
			"hasUVs": true,
			"uv2s": null,
			"hasUVs2": true,
			"tangents": null,
			"indices": null
		}
	],
	"multiMaterials": [],
	"lods": []
}