{
	"materials": [],
	"meshes": [
		{
			"name": "International_Space_Station_Radiator_006_primitive1",
			"id": "40b0a9a5-1edf-4ff6-9a9a-bc0465a52a1a",
			"uniqueId": 735,
			"type": "Mesh",
			"position": [
				0,
				0,
				0
			],
			"rotation": [
				0,
				0,
				0
			],
			"scaling": [
				1,
				1,
				1
			],
			"localMatrix": {
				"0": 1,
				"1": 0,
				"2": 0,
				"3": 0,
				"4": 0,
				"5": 1,
				"6": 0,
				"7": 0,
				"8": 0,
				"9": 0,
				"10": 1,
				"11": 0,
				"12": 0,
				"13": 0,
				"14": 0,
				"15": 1
			},
			"isEnabled": true,
			"isVisible": true,
			"infiniteDistance": false,
			"pickable": true,
			"receiveShadows": false,
			"billboardMode": 0,
			"visibility": 1,
			"checkCollisions": false,
			"isBlocker": false,
			"overrideMaterialSideOrientation": 0,
			"parentId": "1ff5c3aa-85f1-4027-988a-dfd0939e7737",
			"isUnIndexed": false,
			"geometryId": "5d8088df-6976-443f-962f-0700892753dc",
			"subMeshes": null,
			"materialId": "47775bbb-4ee3-421f-8cf4-7ba7e43699ed",
			"metadata": {
				"basePoseMatrix": {
					"0": -0.9481220841407776,
					"1": -0.0012004646705463529,
					"2": 0.3179042339324951,
					"3": 0,
					"4": 0.15434668958187103,
					"5": 0.8724868297576904,
					"6": 0.46362030506134033,
					"7": 0,
					"8": 0.2779237926006317,
					"9": -0.4886361062526703,
					"10": 0.8270387649536133,
					"11": 0,
					"12": 2.373300790786743,
					"13": 11.103605270385742,
					"14": -0.7127842307090759,
					"15": 1
				},
				"originalSourceFile": {
					"id": "International_Space_Station_Radiator_006_primitive1",
					"name": "International_Space_Station_Radiator_006_primitive1",
					"sceneFileName": "SATELLITE/satelite.glb"
				},
				"isPickable": false
			},
			"instances": [],
			"animations": [],
			"ranges": [],
			"layerMask": 268435455,
			"alphaIndex": 1.7976931348623157e+308,
			"hasVertexAlpha": false,
			"overlayAlpha": 0.3,
			"overlayColor": [
				1,
				0,
				0
			],
			"applyFog": true,
			"delayLoadingFile": "geometries/5d8088df-6976-443f-962f-0700892753dc.babylonbinarymeshdata",
			"boundingBoxMaximum": [
				21.665142059326172,
				13.84390926361084,
				23.881898880004883
			],
			"boundingBoxMinimum": [
				17.376035690307617,
				11.22863483428955,
				17.167810440063477
			],
			"_binaryInfo": {
				"positionsAttrDesc": {
					"count": 873,
					"stride": 3,
					"offset": 0,
					"dataType": 1
				},
				"normalsAttrDesc": {
					"count": 873,
					"stride": 3,
					"offset": 3492,
					"dataType": 1
				},
				"uvsAttrDesc": {
					"count": 582,
					"stride": 2,
					"offset": 6984,
					"dataType": 1
				},
				"uvs2AttrDesc": {
					"count": 582,
					"stride": 2,
					"offset": 9312,
					"dataType": 1
				},
				"tangetsAttrDesc": {
					"count": 1164,
					"stride": 3,
					"offset": 11640,
					"dataType": 1
				},
				"indicesAttrDesc": {
					"count": 540,
					"stride": 1,
					"offset": 16296,
					"dataType": 0
				},
				"subMeshesAttrDesc": {
					"count": 1,
					"stride": 5,
					"offset": 18456,
					"dataType": 0
				}
			},
			"positions": null,
			"normals": null,
			"uvs": null,
			"hasUVs": true,
			"uv2s": null,
			"hasUVs2": true,
			"tangents": null,
			"indices": null
		}
	],
	"multiMaterials": [],
	"lods": []
}