{
	"materials": [],
	"meshes": [
		{
			"name": "International_Space_Station_Module_009_primitive2",
			"id": "1a23bdf5-43b3-41eb-8e67-a98f454e0e35",
			"uniqueId": 686,
			"type": "Mesh",
			"position": [
				0,
				0,
				0
			],
			"rotation": [
				0,
				0,
				0
			],
			"scaling": [
				1,
				1,
				1
			],
			"localMatrix": {
				"0": 1,
				"1": 0,
				"2": 0,
				"3": 0,
				"4": 0,
				"5": 1,
				"6": 0,
				"7": 0,
				"8": 0,
				"9": 0,
				"10": 1,
				"11": 0,
				"12": 0,
				"13": 0,
				"14": 0,
				"15": 1
			},
			"isEnabled": true,
			"isVisible": true,
			"infiniteDistance": false,
			"pickable": true,
			"receiveShadows": false,
			"billboardMode": 0,
			"visibility": 1,
			"checkCollisions": false,
			"isBlocker": false,
			"overrideMaterialSideOrientation": 0,
			"parentId": "1a636e79-7155-4fc3-a587-f7c88435a67f",
			"isUnIndexed": false,
			"geometryId": "d523cdde-c0e5-45cf-8b40-62cb3eaef798",
			"subMeshes": null,
			"materialId": "362d7892-e121-4f17-9a80-5f1777394be5",
			"metadata": {
				"basePoseMatrix": {
					"0": -0.9481220841407776,
					"1": -0.0012004646705463529,
					"2": 0.3179042339324951,
					"3": 0,
					"4": 0.15434668958187103,
					"5": 0.8724868297576904,
					"6": 0.46362030506134033,
					"7": 0,
					"8": 0.2779237926006317,
					"9": -0.4886361062526703,
					"10": 0.8270387649536133,
					"11": 0,
					"12": 2.373300790786743,
					"13": 11.103605270385742,
					"14": -0.7127842307090759,
					"15": 1
				},
				"originalSourceFile": {
					"id": "International_Space_Station_Module_009_primitive2",
					"name": "International_Space_Station_Module_009_primitive2",
					"sceneFileName": "SATELLITE/satelite.glb"
				},
				"isPickable": false
			},
			"instances": [],
			"animations": [],
			"ranges": [],
			"layerMask": 268435455,
			"alphaIndex": 1.7976931348623157e+308,
			"hasVertexAlpha": false,
			"overlayAlpha": 0.3,
			"overlayColor": [
				1,
				0,
				0
			],
			"applyFog": true,
			"delayLoadingFile": "geometries/d523cdde-c0e5-45cf-8b40-62cb3eaef798.babylonbinarymeshdata",
			"boundingBoxMaximum": [
				15.493453979492188,
				11.435956001281738,
				16.969764709472656
			],
			"boundingBoxMinimum": [
				13.995588302612305,
				9.938089370727539,
				13.737405776977539
			],
			"_binaryInfo": {
				"positionsAttrDesc": {
					"count": 876,
					"stride": 3,
					"offset": 0,
					"dataType": 1
				},
				"normalsAttrDesc": {
					"count": 876,
					"stride": 3,
					"offset": 3504,
					"dataType": 1
				},
				"uvsAttrDesc": {
					"count": 584,
					"stride": 2,
					"offset": 7008,
					"dataType": 1
				},
				"uvs2AttrDesc": {
					"count": 584,
					"stride": 2,
					"offset": 9344,
					"dataType": 1
				},
				"tangetsAttrDesc": {
					"count": 1168,
					"stride": 3,
					"offset": 11680,
					"dataType": 1
				},
				"indicesAttrDesc": {
					"count": 864,
					"stride": 1,
					"offset": 16352,
					"dataType": 0
				},
				"subMeshesAttrDesc": {
					"count": 1,
					"stride": 5,
					"offset": 19808,
					"dataType": 0
				}
			},
			"positions": null,
			"normals": null,
			"uvs": null,
			"hasUVs": true,
			"uv2s": null,
			"hasUVs2": true,
			"tangents": null,
			"indices": null
		}
	],
	"multiMaterials": [],
	"lods": []
}