{
	"materials": [],
	"meshes": [
		{
			"name": "International_Space_Station_Module_005",
			"id": "9ac846a9-ed9d-4668-9768-a55aa3c2871a",
			"uniqueId": 663,
			"type": "Mesh",
			"position": [
				-2.49010491,
				-9.72359943,
				5.35552597
			],
			"rotationQuaternion": [
				-0.249297217,
				-0.155985579,
				0.0400931202,
				0.954940915
			],
			"scaling": [
				1,
				1,
				1
			],
			"localMatrix": {
				"0": 1,
				"1": 0,
				"2": 0,
				"3": 0,
				"4": 0,
				"5": 1,
				"6": 0,
				"7": 0,
				"8": 0,
				"9": 0,
				"10": 1,
				"11": 0,
				"12": 0,
				"13": 0,
				"14": 0,
				"15": 1
			},
			"isEnabled": true,
			"isVisible": true,
			"infiniteDistance": false,
			"pickable": true,
			"receiveShadows": false,
			"billboardMode": 0,
			"visibility": 1,
			"checkCollisions": false,
			"isBlocker": false,
			"overrideMaterialSideOrientation": 0,
			"parentId": "0a6b7be4-2db0-4d3e-8950-feeb9d902670",
			"isUnIndexed": false,
			"geometryId": "832e0c78-3ec8-4c7b-88be-93e19b05e2ac",
			"subMeshes": null,
			"materialId": "3d61cae8-6071-4b02-81cf-44f56dc4a71b",
			"metadata": {
				"basePoseMatrix": {
					"0": -0.9481220841407776,
					"1": -0.0012004646705463529,
					"2": 0.3179042339324951,
					"3": 0,
					"4": 0.15434668958187103,
					"5": 0.8724868297576904,
					"6": 0.46362030506134033,
					"7": 0,
					"8": 0.2779237926006317,
					"9": -0.4886361062526703,
					"10": 0.8270387649536133,
					"11": 0,
					"12": 2.373300790786743,
					"13": 11.103605270385742,
					"14": -0.7127842307090759,
					"15": 1
				},
				"originalSourceFile": {
					"id": "International_Space_Station_Module_005",
					"name": "International_Space_Station_Module_005",
					"sceneFileName": "SATELLITE/satelite.glb"
				},
				"isPickable": false
			},
			"instances": [],
			"animations": [],
			"ranges": [],
			"layerMask": 268435455,
			"alphaIndex": 1.7976931348623157e+308,
			"hasVertexAlpha": false,
			"overlayAlpha": 0.3,
			"overlayColor": [
				1,
				0,
				0
			],
			"applyFog": true,
			"delayLoadingFile": "geometries/832e0c78-3ec8-4c7b-88be-93e19b05e2ac.babylonbinarymeshdata",
			"boundingBoxMaximum": [
				18.975290298461914,
				12.09727954864502,
				30.26377296447754
			],
			"boundingBoxMinimum": [
				15.590676307678223,
				9.8972806930542,
				28.68428611755371
			],
			"_binaryInfo": {
				"positionsAttrDesc": {
					"count": 576,
					"stride": 3,
					"offset": 0,
					"dataType": 1
				},
				"normalsAttrDesc": {
					"count": 576,
					"stride": 3,
					"offset": 2304,
					"dataType": 1
				},
				"uvsAttrDesc": {
					"count": 384,
					"stride": 2,
					"offset": 4608,
					"dataType": 1
				},
				"uvs2AttrDesc": {
					"count": 384,
					"stride": 2,
					"offset": 6144,
					"dataType": 1
				},
				"tangetsAttrDesc": {
					"count": 768,
					"stride": 3,
					"offset": 7680,
					"dataType": 1
				},
				"indicesAttrDesc": {
					"count": 534,
					"stride": 1,
					"offset": 10752,
					"dataType": 0
				},
				"subMeshesAttrDesc": {
					"count": 1,
					"stride": 5,
					"offset": 12888,
					"dataType": 0
				}
			},
			"positions": null,
			"normals": null,
			"uvs": null,
			"hasUVs": true,
			"uv2s": null,
			"hasUVs2": true,
			"tangents": null,
			"indices": null
		}
	],
	"multiMaterials": [],
	"lods": []
}