{
	"materials": [],
	"meshes": [
		{
			"name": "International_Space_Station_Module_010_primitive1",
			"id": "645f1aca-f811-4a0d-88f7-47f101d8cfc2",
			"uniqueId": 691,
			"type": "Mesh",
			"position": [
				0,
				0,
				0
			],
			"rotation": [
				0,
				0,
				0
			],
			"scaling": [
				1,
				1,
				1
			],
			"localMatrix": {
				"0": 1,
				"1": 0,
				"2": 0,
				"3": 0,
				"4": 0,
				"5": 1,
				"6": 0,
				"7": 0,
				"8": 0,
				"9": 0,
				"10": 1,
				"11": 0,
				"12": 0,
				"13": 0,
				"14": 0,
				"15": 1
			},
			"isEnabled": true,
			"isVisible": true,
			"infiniteDistance": false,
			"pickable": true,
			"receiveShadows": false,
			"billboardMode": 0,
			"visibility": 1,
			"checkCollisions": false,
			"isBlocker": false,
			"overrideMaterialSideOrientation": 0,
			"parentId": "f7b654ab-e528-4d69-be5c-44f0628e4ed0",
			"isUnIndexed": false,
			"geometryId": "295dc6ea-265c-488d-8ce5-0a629196691d",
			"subMeshes": null,
			"materialId": "b79a48a5-4105-42d4-8013-f50ff0276ee9",
			"metadata": {
				"basePoseMatrix": {
					"0": -0.9481220841407776,
					"1": -0.0012004646705463529,
					"2": 0.3179042339324951,
					"3": 0,
					"4": 0.15434668958187103,
					"5": 0.8724868297576904,
					"6": 0.46362030506134033,
					"7": 0,
					"8": 0.2779237926006317,
					"9": -0.4886361062526703,
					"10": 0.8270387649536133,
					"11": 0,
					"12": 2.373300790786743,
					"13": 11.103605270385742,
					"14": -0.7127842307090759,
					"15": 1
				},
				"originalSourceFile": {
					"id": "International_Space_Station_Module_010_primitive1",
					"name": "International_Space_Station_Module_010_primitive1",
					"sceneFileName": "SATELLITE/satelite.glb"
				},
				"isPickable": false
			},
			"instances": [],
			"animations": [],
			"ranges": [],
			"layerMask": 268435455,
			"alphaIndex": 1.7976931348623157e+308,
			"hasVertexAlpha": false,
			"overlayAlpha": 0.3,
			"overlayColor": [
				1,
				0,
				0
			],
			"applyFog": true,
			"delayLoadingFile": "geometries/295dc6ea-265c-488d-8ce5-0a629196691d.babylonbinarymeshdata",
			"boundingBoxMaximum": [
				15.266900062561035,
				7.340016841888428,
				18.043087005615234
			],
			"boundingBoxMinimum": [
				14.222142219543457,
				5.482936859130859,
				16.998329162597656
			],
			"_binaryInfo": {
				"positionsAttrDesc": {
					"count": 582,
					"stride": 3,
					"offset": 0,
					"dataType": 1
				},
				"normalsAttrDesc": {
					"count": 582,
					"stride": 3,
					"offset": 2328,
					"dataType": 1
				},
				"uvsAttrDesc": {
					"count": 388,
					"stride": 2,
					"offset": 4656,
					"dataType": 1
				},
				"uvs2AttrDesc": {
					"count": 388,
					"stride": 2,
					"offset": 6208,
					"dataType": 1
				},
				"tangetsAttrDesc": {
					"count": 776,
					"stride": 3,
					"offset": 7760,
					"dataType": 1
				},
				"indicesAttrDesc": {
					"count": 792,
					"stride": 1,
					"offset": 10864,
					"dataType": 0
				},
				"subMeshesAttrDesc": {
					"count": 1,
					"stride": 5,
					"offset": 14032,
					"dataType": 0
				}
			},
			"positions": null,
			"normals": null,
			"uvs": null,
			"hasUVs": true,
			"uv2s": null,
			"hasUVs2": true,
			"tangents": null,
			"indices": null
		}
	],
	"multiMaterials": [],
	"lods": []
}