{
	"materials": [],
	"meshes": [
		{
			"name": "International_Space_Station_Radiator_002_primitive2",
			"id": "9cb66696-8b3a-4927-833c-5bab64e93078",
			"uniqueId": 709,
			"type": "Mesh",
			"position": [
				0,
				0,
				0
			],
			"rotation": [
				0,
				0,
				0
			],
			"scaling": [
				1,
				1,
				1
			],
			"localMatrix": {
				"0": 1,
				"1": 0,
				"2": 0,
				"3": 0,
				"4": 0,
				"5": 1,
				"6": 0,
				"7": 0,
				"8": 0,
				"9": 0,
				"10": 1,
				"11": 0,
				"12": 0,
				"13": 0,
				"14": 0,
				"15": 1
			},
			"isEnabled": true,
			"isVisible": true,
			"infiniteDistance": false,
			"pickable": true,
			"receiveShadows": false,
			"billboardMode": 0,
			"visibility": 1,
			"checkCollisions": false,
			"isBlocker": false,
			"overrideMaterialSideOrientation": 0,
			"parentId": "88ef052c-0f96-4f71-9317-c77698ca78cb",
			"isUnIndexed": false,
			"geometryId": "66c81f4f-484c-43e9-aa77-644f36079a84",
			"subMeshes": null,
			"materialId": "94a66c9d-155d-445c-a5ac-a24c79ae0676",
			"metadata": {
				"basePoseMatrix": {
					"0": -0.9481220841407776,
					"1": -0.0012004646705463529,
					"2": 0.3179042339324951,
					"3": 0,
					"4": 0.15434668958187103,
					"5": 0.8724868297576904,
					"6": 0.46362030506134033,
					"7": 0,
					"8": 0.2779237926006317,
					"9": -0.4886361062526703,
					"10": 0.8270387649536133,
					"11": 0,
					"12": 2.373300790786743,
					"13": 11.103605270385742,
					"14": -0.7127842307090759,
					"15": 1
				},
				"originalSourceFile": {
					"id": "International_Space_Station_Radiator_002_primitive2",
					"name": "International_Space_Station_Radiator_002_primitive2",
					"sceneFileName": "SATELLITE/satelite.glb"
				},
				"isPickable": false
			},
			"instances": [],
			"animations": [],
			"ranges": [],
			"layerMask": 268435455,
			"alphaIndex": 1.7976931348623157e+308,
			"hasVertexAlpha": false,
			"overlayAlpha": 0.5,
			"overlayColor": [
				1,
				0,
				0
			],
			"applyFog": true,
			"delayLoadingFile": "geometries/66c81f4f-484c-43e9-aa77-644f36079a84.babylonbinarymeshdata",
			"boundingBoxMaximum": [
				4.850168228149414,
				12.005250930786133,
				25.130443572998047
			],
			"boundingBoxMinimum": [
				3.345895290374756,
				4.105831623077393,
				24.889760971069336
			],
			"_binaryInfo": {
				"positionsAttrDesc": {
					"count": 576,
					"stride": 3,
					"offset": 0,
					"dataType": 1
				},
				"normalsAttrDesc": {
					"count": 576,
					"stride": 3,
					"offset": 2304,
					"dataType": 1
				},
				"uvsAttrDesc": {
					"count": 384,
					"stride": 2,
					"offset": 4608,
					"dataType": 1
				},
				"uvs2AttrDesc": {
					"count": 384,
					"stride": 2,
					"offset": 6144,
					"dataType": 1
				},
				"tangetsAttrDesc": {
					"count": 768,
					"stride": 3,
					"offset": 7680,
					"dataType": 1
				},
				"indicesAttrDesc": {
					"count": 360,
					"stride": 1,
					"offset": 10752,
					"dataType": 0
				},
				"subMeshesAttrDesc": {
					"count": 1,
					"stride": 5,
					"offset": 12192,
					"dataType": 0
				}
			},
			"positions": null,
			"normals": null,
			"uvs": null,
			"hasUVs": true,
			"uv2s": null,
			"hasUVs2": true,
			"tangents": null,
			"indices": null
		}
	],
	"multiMaterials": [],
	"lods": []
}