{
	"materials": [],
	"meshes": [
		{
			"name": "Mars6",
			"id": "a5298c6f-26df-425b-aff7-ae5de418c483",
			"uniqueId": 3788,
			"type": "Mesh",
			"position": [
				-34.7999992,
				5.79999971,
				4.5
			],
			"rotationQuaternion": [
				0.0449434556,
				0.254887015,
				0.167731255,
				0.951251268
			],
			"scaling": [
				0.0324999988,
				0.0324999988,
				0.0324999988
			],
			"localMatrix": {
				"0": 1,
				"1": 0,
				"2": 0,
				"3": 0,
				"4": 0,
				"5": 1,
				"6": 0,
				"7": 0,
				"8": 0,
				"9": 0,
				"10": 1,
				"11": 0,
				"12": 0,
				"13": 0,
				"14": 0,
				"15": 1
			},
			"isEnabled": true,
			"isVisible": true,
			"infiniteDistance": false,
			"pickable": true,
			"receiveShadows": false,
			"billboardMode": 0,
			"visibility": 1,
			"checkCollisions": false,
			"isBlocker": false,
			"overrideMaterialSideOrientation": 0,
			"parentId": "27a4641d-3b0a-4789-a2d0-435e9d4671cb",
			"isUnIndexed": false,
			"geometryId": "8a1b58a5-747d-4c51-9b71-39521b64c69f",
			"subMeshes": null,
			"materialId": "e6dda4ab-c169-49d7-96b4-55a674f2a8f3",
			"metadata": {
				"basePoseMatrix": {
					"0": -25.039928436279297,
					"1": 9.113788604736328,
					"2": -15.38461685180664,
					"3": 0,
					"4": 10.523696899414062,
					"5": 28.913619995117188,
					"6": 3.904279424205015e-7,
					"7": 0,
					"8": -14.456811904907227,
					"9": 5.2618489265441895,
					"10": 26.646936416625977,
					"11": 0,
					"12": 875.40771484375,
					"13": -508.5371398925781,
					"14": 415.47344970703125,
					"15": 1
				},
				"originalSourceFile": {
					"id": "Mars6",
					"name": "Mars6",
					"sceneFileName": "SOLAR SYSTEM/solarsystem.glb"
				},
				"isPickable": false
			},
			"instances": [],
			"animations": [],
			"ranges": [],
			"layerMask": 268435455,
			"alphaIndex": 1.7976931348623157e+308,
			"hasVertexAlpha": false,
			"overlayAlpha": 0.3,
			"overlayColor": [
				1,
				0,
				0
			],
			"applyFog": true,
			"delayLoadingFile": "geometries/8a1b58a5-747d-4c51-9b71-39521b64c69f.babylonbinarymeshdata",
			"boundingBoxMaximum": [
				99.99994659423828,
				100.00001525878906,
				99.99990844726562
			],
			"boundingBoxMinimum": [
				-99.99986267089844,
				-100.00001525878906,
				-99.99983978271484
			],
			"_binaryInfo": {
				"positionsAttrDesc": {
					"count": 35310,
					"stride": 3,
					"offset": 0,
					"dataType": 1
				},
				"normalsAttrDesc": {
					"count": 35310,
					"stride": 3,
					"offset": 141240,
					"dataType": 1
				},
				"uvsAttrDesc": {
					"count": 23540,
					"stride": 2,
					"offset": 282480,
					"dataType": 1
				},
				"uvs2AttrDesc": {
					"count": 23540,
					"stride": 2,
					"offset": 376640,
					"dataType": 1
				},
				"tangetsAttrDesc": {
					"count": 47080,
					"stride": 3,
					"offset": 470800,
					"dataType": 1
				},
				"indicesAttrDesc": {
					"count": 17664,
					"stride": 1,
					"offset": 659120,
					"dataType": 0
				},
				"subMeshesAttrDesc": {
					"count": 1,
					"stride": 5,
					"offset": 729776,
					"dataType": 0
				}
			},
			"positions": null,
			"normals": null,
			"uvs": null,
			"hasUVs": true,
			"uv2s": null,
			"hasUVs2": true,
			"tangents": null,
			"indices": null
		}
	],
	"multiMaterials": [],
	"lods": []
}