{
	"materials": [],
	"meshes": [
		{
			"name": "nasa_swassubmillimeter_wave_astronomy_satellite_Object_19",
			"id": "8c6b4dfc-df6b-40b2-8a1f-4a6af6e24686",
			"uniqueId": 558,
			"type": "Mesh",
			"position": [
				38.6479378,
				5.5999999,
				15.5563707
			],
			"rotationQuaternion": [
				-0.171010077,
				0.171010077,
				0.0301536899,
				0.969846308
			],
			"scaling": [
				1.5,
				1.5,
				1.5
			],
			"localMatrix": {
				"0": 1,
				"1": 0,
				"2": 0,
				"3": 0,
				"4": 0,
				"5": 1,
				"6": 0,
				"7": 0,
				"8": 0,
				"9": 0,
				"10": 1,
				"11": 0,
				"12": 0,
				"13": 0,
				"14": 0,
				"15": 1
			},
			"isEnabled": true,
			"isVisible": true,
			"infiniteDistance": false,
			"pickable": true,
			"receiveShadows": false,
			"billboardMode": 0,
			"visibility": 1,
			"checkCollisions": false,
			"isBlocker": false,
			"overrideMaterialSideOrientation": 0,
			"parentId": "0a6b7be4-2db0-4d3e-8950-feeb9d902670",
			"isUnIndexed": false,
			"geometryId": "4e233e0f-d71f-45e9-9502-f147993b0e69",
			"subMeshes": null,
			"materialId": "5b146e1a-f927-420b-be45-757fc53b0944",
			"metadata": {
				"basePoseMatrix": {
					"0": -0.6264617443084717,
					"1": 0.07798518240451813,
					"2": -0.21426253020763397,
					"3": 0,
					"4": 8.744827639795005e-10,
					"5": 0.6264617443084717,
					"6": 0.22801342606544495,
					"7": 0,
					"8": -0.22801342606544495,
					"9": -0.21426253020763397,
					"10": 0.5886814594268799,
					"11": 0,
					"12": -20.664392471313477,
					"13": 2.83892822265625,
					"14": -18.71542739868164,
					"15": 1
				},
				"originalSourceFile": {
					"id": "nasa_swassubmillimeter_wave_astronomy_satellite_Object_19",
					"name": "nasa_swassubmillimeter_wave_astronomy_satellite_Object_19",
					"sceneFileName": "SATELLITE/satelite.glb"
				},
				"isPickable": false
			},
			"instances": [],
			"animations": [],
			"ranges": [],
			"layerMask": 268435455,
			"alphaIndex": 1.7976931348623157e+308,
			"hasVertexAlpha": false,
			"overlayAlpha": 0.5,
			"overlayColor": [
				1,
				0,
				0
			],
			"applyFog": true,
			"delayLoadingFile": "geometries/4e233e0f-d71f-45e9-9502-f147993b0e69.babylonbinarymeshdata",
			"boundingBoxMaximum": [
				2.3103058338165283,
				-0.3654813766479492,
				1.0380131006240845
			],
			"boundingBoxMinimum": [
				1.8543479442596436,
				-1.2349432706832886,
				-1.034740924835205
			],
			"_binaryInfo": {
				"positionsAttrDesc": {
					"count": 1707,
					"stride": 3,
					"offset": 0,
					"dataType": 1
				},
				"normalsAttrDesc": {
					"count": 1707,
					"stride": 3,
					"offset": 6828,
					"dataType": 1
				},
				"uvsAttrDesc": {
					"count": 1138,
					"stride": 2,
					"offset": 13656,
					"dataType": 1
				},
				"uvs2AttrDesc": {
					"count": 1138,
					"stride": 2,
					"offset": 18208,
					"dataType": 1
				},
				"tangetsAttrDesc": {
					"count": 2276,
					"stride": 3,
					"offset": 22760,
					"dataType": 1
				},
				"indicesAttrDesc": {
					"count": 828,
					"stride": 1,
					"offset": 31864,
					"dataType": 0
				},
				"subMeshesAttrDesc": {
					"count": 1,
					"stride": 5,
					"offset": 35176,
					"dataType": 0
				}
			},
			"positions": null,
			"normals": null,
			"uvs": null,
			"hasUVs": true,
			"uv2s": null,
			"hasUVs2": true,
			"tangents": null,
			"indices": null
		}
	],
	"multiMaterials": [],
	"lods": []
}