{
	"materials": [],
	"meshes": [
		{
			"name": "nasa_swassubmillimeter_wave_astronomy_satellite_Object_22",
			"id": "c7784fd9-d6b4-46c9-a823-b1470e709220",
			"uniqueId": 567,
			"type": "Mesh",
			"position": [
				38.6479378,
				5.5999999,
				15.5563707
			],
			"rotationQuaternion": [
				-0.171010077,
				0.171010077,
				0.0301536899,
				0.969846308
			],
			"scaling": [
				1.5,
				1.5,
				1.5
			],
			"localMatrix": {
				"0": 1,
				"1": 0,
				"2": 0,
				"3": 0,
				"4": 0,
				"5": 1,
				"6": 0,
				"7": 0,
				"8": 0,
				"9": 0,
				"10": 1,
				"11": 0,
				"12": 0,
				"13": 0,
				"14": 0,
				"15": 1
			},
			"isEnabled": true,
			"isVisible": true,
			"infiniteDistance": false,
			"pickable": true,
			"receiveShadows": false,
			"billboardMode": 0,
			"visibility": 1,
			"checkCollisions": false,
			"isBlocker": false,
			"overrideMaterialSideOrientation": 0,
			"parentId": "0a6b7be4-2db0-4d3e-8950-feeb9d902670",
			"isUnIndexed": false,
			"geometryId": "ac12fcc3-1bdb-454d-81b9-0875448e9e1d",
			"subMeshes": null,
			"materialId": "725a26e7-8693-49ee-bab8-7326c2850cb4",
			"metadata": {
				"basePoseMatrix": {
					"0": -0.6264617443084717,
					"1": 0.07798518240451813,
					"2": -0.21426253020763397,
					"3": 0,
					"4": 8.744827639795005e-10,
					"5": 0.6264617443084717,
					"6": 0.22801342606544495,
					"7": 0,
					"8": -0.22801342606544495,
					"9": -0.21426253020763397,
					"10": 0.5886814594268799,
					"11": 0,
					"12": -20.664392471313477,
					"13": 2.83892822265625,
					"14": -18.71542739868164,
					"15": 1
				},
				"originalSourceFile": {
					"id": "nasa_swassubmillimeter_wave_astronomy_satellite_Object_22",
					"name": "nasa_swassubmillimeter_wave_astronomy_satellite_Object_22",
					"sceneFileName": "SATELLITE/satelite.glb"
				},
				"isPickable": false
			},
			"instances": [],
			"animations": [],
			"ranges": [],
			"layerMask": 268435455,
			"alphaIndex": 1.7976931348623157e+308,
			"hasVertexAlpha": false,
			"overlayAlpha": 0.5,
			"overlayColor": [
				1,
				0,
				0
			],
			"applyFog": true,
			"delayLoadingFile": "geometries/ac12fcc3-1bdb-454d-81b9-0875448e9e1d.babylonbinarymeshdata",
			"boundingBoxMaximum": [
				1.8894656896591187,
				1.4097110033035278,
				1.4051727056503296
			],
			"boundingBoxMinimum": [
				-1.165192723274231,
				-1.412355661392212,
				-1.4051722288131714
			],
			"_binaryInfo": {
				"positionsAttrDesc": {
					"count": 1248,
					"stride": 3,
					"offset": 0,
					"dataType": 1
				},
				"normalsAttrDesc": {
					"count": 1248,
					"stride": 3,
					"offset": 4992,
					"dataType": 1
				},
				"uvsAttrDesc": {
					"count": 832,
					"stride": 2,
					"offset": 9984,
					"dataType": 1
				},
				"uvs2AttrDesc": {
					"count": 832,
					"stride": 2,
					"offset": 13312,
					"dataType": 1
				},
				"tangetsAttrDesc": {
					"count": 1664,
					"stride": 3,
					"offset": 16640,
					"dataType": 1
				},
				"indicesAttrDesc": {
					"count": 624,
					"stride": 1,
					"offset": 23296,
					"dataType": 0
				},
				"subMeshesAttrDesc": {
					"count": 1,
					"stride": 5,
					"offset": 25792,
					"dataType": 0
				}
			},
			"positions": null,
			"normals": null,
			"uvs": null,
			"hasUVs": true,
			"uv2s": null,
			"hasUVs2": true,
			"tangents": null,
			"indices": null
		}
	],
	"multiMaterials": [],
	"lods": []
}