{
	"materials": [],
	"meshes": [
		{
			"name": "nasa_transiting_exoplanet_survey_sat_tess_reflectors_0",
			"id": "e7a8af92-4f4d-4bae-96f0-1d17dc9cc95c",
			"uniqueId": 616,
			"type": "Mesh",
			"position": [
				40.6995506,
				4.4000001,
				-20.2005939
			],
			"rotationQuaternion": [
				0,
				-0.342020154,
				0,
				0.939692616
			],
			"scaling": [
				1,
				1,
				1
			],
			"localMatrix": {
				"0": 1,
				"1": 0,
				"2": 0,
				"3": 0,
				"4": 0,
				"5": 1,
				"6": 0,
				"7": 0,
				"8": 0,
				"9": 0,
				"10": 1,
				"11": 0,
				"12": 0,
				"13": 0,
				"14": 0,
				"15": 1
			},
			"isEnabled": true,
			"isVisible": true,
			"infiniteDistance": false,
			"pickable": true,
			"receiveShadows": false,
			"billboardMode": 0,
			"visibility": 1,
			"checkCollisions": false,
			"isBlocker": false,
			"overrideMaterialSideOrientation": 0,
			"parentId": "0a6b7be4-2db0-4d3e-8950-feeb9d902670",
			"isUnIndexed": false,
			"geometryId": "6e160fe8-1d8b-4bc2-9777-71a4ab6dc978",
			"subMeshes": null,
			"materialId": "6ca2a9b6-579a-444b-a2f7-710321d36868",
			"metadata": {
				"basePoseMatrix": {
					"0": -0.7660444378852844,
					"1": 0,
					"2": 0.6427876353263855,
					"3": 0,
					"4": 0,
					"5": 1,
					"6": 0,
					"7": 0,
					"8": 0.6427876353263855,
					"9": 0,
					"10": 0.7660444378852844,
					"11": 0,
					"12": -18.19297218322754,
					"13": -4.400000095367432,
					"14": 41.635719299316406,
					"15": 1
				},
				"originalSourceFile": {
					"id": "nasa_transiting_exoplanet_survey_sat_tess_reflectors_0",
					"name": "nasa_transiting_exoplanet_survey_sat_tess_reflectors_0",
					"sceneFileName": "SATELLITE/satelite.glb"
				},
				"isPickable": false
			},
			"instances": [],
			"animations": [],
			"ranges": [],
			"layerMask": 268435455,
			"alphaIndex": 1.7976931348623157e+308,
			"hasVertexAlpha": false,
			"overlayAlpha": 0.3,
			"overlayColor": [
				1,
				0,
				0
			],
			"applyFog": true,
			"delayLoadingFile": "geometries/6e160fe8-1d8b-4bc2-9777-71a4ab6dc978.babylonbinarymeshdata",
			"boundingBoxMaximum": [
				0.8923099040985107,
				0.5042901635169983,
				1.0125701427459717
			],
			"boundingBoxMinimum": [
				-0.8921299576759338,
				-0.8290801048278809,
				-0.9528600573539734
			],
			"_binaryInfo": {
				"positionsAttrDesc": {
					"count": 2526,
					"stride": 3,
					"offset": 0,
					"dataType": 1
				},
				"normalsAttrDesc": {
					"count": 2526,
					"stride": 3,
					"offset": 10104,
					"dataType": 1
				},
				"uvsAttrDesc": {
					"count": 1684,
					"stride": 2,
					"offset": 20208,
					"dataType": 1
				},
				"uvs2AttrDesc": {
					"count": 1684,
					"stride": 2,
					"offset": 26944,
					"dataType": 1
				},
				"tangetsAttrDesc": {
					"count": 3368,
					"stride": 3,
					"offset": 33680,
					"dataType": 1
				},
				"indicesAttrDesc": {
					"count": 2400,
					"stride": 1,
					"offset": 47152,
					"dataType": 0
				},
				"subMeshesAttrDesc": {
					"count": 1,
					"stride": 5,
					"offset": 56752,
					"dataType": 0
				}
			},
			"positions": null,
			"normals": null,
			"uvs": null,
			"hasUVs": true,
			"uv2s": null,
			"hasUVs2": true,
			"tangents": null,
			"indices": null
		}
	],
	"multiMaterials": [],
	"lods": []
}