{
	"materials": [],
	"meshes": [
		{
			"name": "nasacnes_topexposeidon_satellite_Object_21",
			"id": "798908cb-0024-4ab5-a110-dd969f9693b2",
			"uniqueId": 497,
			"type": "Mesh",
			"position": [
				28.4631214,
				4,
				27.785078
			],
			"rotationQuaternion": [
				0,
				-0.939692616,
				0,
				0.342020154
			],
			"scaling": [
				1,
				1,
				1
			],
			"localMatrix": {
				"0": 1,
				"1": 0,
				"2": 0,
				"3": 0,
				"4": 0,
				"5": 1,
				"6": 0,
				"7": 0,
				"8": 0,
				"9": 0,
				"10": 1,
				"11": 0,
				"12": 0,
				"13": 0,
				"14": 0,
				"15": 1
			},
			"isEnabled": true,
			"isVisible": true,
			"infiniteDistance": false,
			"pickable": true,
			"receiveShadows": false,
			"billboardMode": 0,
			"visibility": 1,
			"checkCollisions": false,
			"isBlocker": false,
			"overrideMaterialSideOrientation": 0,
			"parentId": "0a6b7be4-2db0-4d3e-8950-feeb9d902670",
			"isUnIndexed": false,
			"geometryId": "93bd6dc2-4cb1-4a44-aee0-e6ddfdc58528",
			"subMeshes": null,
			"materialId": "aaaacafb-fbaa-417d-a22d-135546d6a7d0",
			"metadata": {
				"basePoseMatrix": {
					"0": 0.7660444378852844,
					"1": 0,
					"2": 0.6427876353263855,
					"3": 0,
					"4": 0,
					"5": 1,
					"6": 0,
					"7": 0,
					"8": 0.6427876353263855,
					"9": 0,
					"10": -0.7660444378852844,
					"11": 0,
					"12": 3.9441111087799072,
					"13": -4,
					"14": 39.580345153808594,
					"15": 1
				},
				"originalSourceFile": {
					"id": "nasacnes_topexposeidon_satellite_Object_21",
					"name": "nasacnes_topexposeidon_satellite_Object_21",
					"sceneFileName": "SATELLITE/satelite.glb"
				},
				"isPickable": false
			},
			"instances": [],
			"animations": [],
			"ranges": [],
			"layerMask": 268435455,
			"alphaIndex": 1.7976931348623157e+308,
			"hasVertexAlpha": false,
			"overlayAlpha": 0.3,
			"overlayColor": [
				1,
				0,
				0
			],
			"applyFog": true,
			"delayLoadingFile": "geometries/93bd6dc2-4cb1-4a44-aee0-e6ddfdc58528.babylonbinarymeshdata",
			"boundingBoxMaximum": [
				-4.180272579193115,
				2.2363436222076416,
				0.47527453303337097
			],
			"boundingBoxMinimum": [
				-12.107767105102539,
				-1.2823662757873535,
				-1.7234547138214111
			],
			"_binaryInfo": {
				"positionsAttrDesc": {
					"count": 1776,
					"stride": 3,
					"offset": 0,
					"dataType": 1
				},
				"normalsAttrDesc": {
					"count": 1776,
					"stride": 3,
					"offset": 7104,
					"dataType": 1
				},
				"uvsAttrDesc": {
					"count": 1184,
					"stride": 2,
					"offset": 14208,
					"dataType": 1
				},
				"uvs2AttrDesc": {
					"count": 1184,
					"stride": 2,
					"offset": 18944,
					"dataType": 1
				},
				"tangetsAttrDesc": {
					"count": 2368,
					"stride": 3,
					"offset": 23680,
					"dataType": 1
				},
				"indicesAttrDesc": {
					"count": 882,
					"stride": 1,
					"offset": 33152,
					"dataType": 0
				},
				"subMeshesAttrDesc": {
					"count": 1,
					"stride": 5,
					"offset": 36680,
					"dataType": 0
				}
			},
			"positions": null,
			"normals": null,
			"uvs": null,
			"hasUVs": true,
			"uv2s": null,
			"hasUVs2": true,
			"tangents": null,
			"indices": null
		}
	],
	"multiMaterials": [],
	"lods": []
}