{
	"materials": [],
	"meshes": [
		{
			"name": "nasacnes_topexposeidon_satellite_Object_8",
			"id": "0207ebd0-3bf6-450e-a8ec-32c57f9e39d8",
			"uniqueId": 458,
			"type": "Mesh",
			"position": [
				28.4631214,
				4,
				27.785078
			],
			"rotationQuaternion": [
				0,
				-0.939692616,
				0,
				0.342020154
			],
			"scaling": [
				1,
				1,
				1
			],
			"localMatrix": {
				"0": 1,
				"1": 0,
				"2": 0,
				"3": 0,
				"4": 0,
				"5": 1,
				"6": 0,
				"7": 0,
				"8": 0,
				"9": 0,
				"10": 1,
				"11": 0,
				"12": 0,
				"13": 0,
				"14": 0,
				"15": 1
			},
			"isEnabled": true,
			"isVisible": true,
			"infiniteDistance": false,
			"pickable": true,
			"receiveShadows": false,
			"billboardMode": 0,
			"visibility": 1,
			"checkCollisions": false,
			"isBlocker": false,
			"overrideMaterialSideOrientation": 0,
			"parentId": "0a6b7be4-2db0-4d3e-8950-feeb9d902670",
			"isUnIndexed": false,
			"geometryId": "c4c30b1b-364e-4af5-a1eb-5efb4adb2d63",
			"subMeshes": null,
			"materialId": "f2ff43a5-f964-4346-bb17-1cb8d1a94487",
			"metadata": {
				"basePoseMatrix": {
					"0": 0.7660444378852844,
					"1": 0,
					"2": 0.6427876353263855,
					"3": 0,
					"4": 0,
					"5": 1,
					"6": 0,
					"7": 0,
					"8": 0.6427876353263855,
					"9": 0,
					"10": -0.7660444378852844,
					"11": 0,
					"12": 3.9441111087799072,
					"13": -4,
					"14": 39.580345153808594,
					"15": 1
				},
				"originalSourceFile": {
					"id": "nasacnes_topexposeidon_satellite_Object_8",
					"name": "nasacnes_topexposeidon_satellite_Object_8",
					"sceneFileName": "SATELLITE/satelite.glb"
				},
				"isPickable": false,
				"script": {
					"name": "None"
				},
				"renderingGroupId": 0
			},
			"instances": [],
			"animations": [],
			"ranges": [],
			"layerMask": 268435455,
			"alphaIndex": 1.7976931348623157e+308,
			"hasVertexAlpha": false,
			"overlayAlpha": 0.3,
			"overlayColor": [
				1,
				0,
				0
			],
			"applyFog": true,
			"delayLoadingFile": "geometries/c4c30b1b-364e-4af5-a1eb-5efb4adb2d63.babylonbinarymeshdata",
			"boundingBoxMaximum": [
				1.4154692888259888,
				1.928430438041687,
				4.06947660446167
			],
			"boundingBoxMinimum": [
				-1.8872923851013184,
				-3.6251749992370605,
				-1.8975569009780884
			],
			"_binaryInfo": {
				"positionsAttrDesc": {
					"count": 1449,
					"stride": 3,
					"offset": 0,
					"dataType": 1
				},
				"normalsAttrDesc": {
					"count": 1449,
					"stride": 3,
					"offset": 5796,
					"dataType": 1
				},
				"uvsAttrDesc": {
					"count": 966,
					"stride": 2,
					"offset": 11592,
					"dataType": 1
				},
				"uvs2AttrDesc": {
					"count": 966,
					"stride": 2,
					"offset": 15456,
					"dataType": 1
				},
				"tangetsAttrDesc": {
					"count": 1932,
					"stride": 3,
					"offset": 19320,
					"dataType": 1
				},
				"indicesAttrDesc": {
					"count": 1374,
					"stride": 1,
					"offset": 27048,
					"dataType": 0
				},
				"subMeshesAttrDesc": {
					"count": 1,
					"stride": 5,
					"offset": 32544,
					"dataType": 0
				}
			},
			"positions": null,
			"normals": null,
			"uvs": null,
			"hasUVs": true,
			"uv2s": null,
			"hasUVs2": true,
			"tangents": null,
			"indices": null
		}
	],
	"multiMaterials": [],
	"lods": []
}