{
	"materials": [],
	"meshes": [
		{
			"name": "nasa_swassubmillimeter_wave_astronomy_satellite_Object_16",
			"id": "cc4cc68e-23b6-401d-8479-b3c7db8880e9",
			"uniqueId": 549,
			"type": "Mesh",
			"position": [
				38.6479378,
				5.5999999,
				15.5563707
			],
			"rotationQuaternion": [
				-0.171010077,
				0.171010077,
				0.0301536899,
				0.969846308
			],
			"scaling": [
				1.5,
				1.5,
				1.5
			],
			"localMatrix": {
				"0": 1,
				"1": 0,
				"2": 0,
				"3": 0,
				"4": 0,
				"5": 1,
				"6": 0,
				"7": 0,
				"8": 0,
				"9": 0,
				"10": 1,
				"11": 0,
				"12": 0,
				"13": 0,
				"14": 0,
				"15": 1
			},
			"isEnabled": true,
			"isVisible": true,
			"infiniteDistance": false,
			"pickable": true,
			"receiveShadows": false,
			"billboardMode": 0,
			"visibility": 1,
			"checkCollisions": false,
			"isBlocker": false,
			"overrideMaterialSideOrientation": 0,
			"parentId": "0a6b7be4-2db0-4d3e-8950-feeb9d902670",
			"isUnIndexed": false,
			"geometryId": "cf126b97-4362-4fb5-9c75-4e2b82eebc52",
			"subMeshes": null,
			"materialId": "8ab44e53-fa55-4b03-afd0-8e495e9e495d",
			"metadata": {
				"basePoseMatrix": {
					"0": -0.6264617443084717,
					"1": 0.07798518240451813,
					"2": -0.21426253020763397,
					"3": 0,
					"4": 8.744827639795005e-10,
					"5": 0.6264617443084717,
					"6": 0.22801342606544495,
					"7": 0,
					"8": -0.22801342606544495,
					"9": -0.21426253020763397,
					"10": 0.5886814594268799,
					"11": 0,
					"12": -20.664392471313477,
					"13": 2.83892822265625,
					"14": -18.71542739868164,
					"15": 1
				},
				"originalSourceFile": {
					"id": "nasa_swassubmillimeter_wave_astronomy_satellite_Object_16",
					"name": "nasa_swassubmillimeter_wave_astronomy_satellite_Object_16",
					"sceneFileName": "SATELLITE/satelite.glb"
				},
				"isPickable": false,
				"script": {
					"name": "None"
				},
				"renderingGroupId": 0
			},
			"instances": [],
			"animations": [],
			"ranges": [],
			"layerMask": 268435455,
			"alphaIndex": 1.7976931348623157e+308,
			"hasVertexAlpha": false,
			"overlayAlpha": 0.3,
			"overlayColor": [
				1,
				0,
				0
			],
			"applyFog": true,
			"delayLoadingFile": "geometries/cf126b97-4362-4fb5-9c75-4e2b82eebc52.babylonbinarymeshdata",
			"boundingBoxMaximum": [
				3.43404221534729,
				1.4360991716384888,
				1.4526045322418213
			],
			"boundingBoxMinimum": [
				-1.165192723274231,
				-1.412355661392212,
				-1.4543555974960327
			],
			"_binaryInfo": {
				"positionsAttrDesc": {
					"count": 3297,
					"stride": 3,
					"offset": 0,
					"dataType": 1
				},
				"normalsAttrDesc": {
					"count": 3297,
					"stride": 3,
					"offset": 13188,
					"dataType": 1
				},
				"uvsAttrDesc": {
					"count": 2198,
					"stride": 2,
					"offset": 26376,
					"dataType": 1
				},
				"uvs2AttrDesc": {
					"count": 2198,
					"stride": 2,
					"offset": 35168,
					"dataType": 1
				},
				"tangetsAttrDesc": {
					"count": 4396,
					"stride": 3,
					"offset": 43960,
					"dataType": 1
				},
				"indicesAttrDesc": {
					"count": 1659,
					"stride": 1,
					"offset": 61544,
					"dataType": 0
				},
				"subMeshesAttrDesc": {
					"count": 1,
					"stride": 5,
					"offset": 68180,
					"dataType": 0
				}
			},
			"positions": null,
			"normals": null,
			"uvs": null,
			"hasUVs": true,
			"uv2s": null,
			"hasUVs2": true,
			"tangents": null,
			"indices": null
		}
	],
	"multiMaterials": [],
	"lods": []
}