{
	"materials": [],
	"meshes": [
		{
			"name": "nasa_swassubmillimeter_wave_astronomy_satellite_Object_10",
			"id": "c52c9a6d-b1d4-4d06-80c4-5cc9ac86b5bf",
			"uniqueId": 531,
			"type": "Mesh",
			"position": [
				38.6479378,
				5.5999999,
				15.5563707
			],
			"rotationQuaternion": [
				-0.171010077,
				0.171010077,
				0.0301536899,
				0.969846308
			],
			"scaling": [
				1.5,
				1.5,
				1.5
			],
			"localMatrix": {
				"0": 1,
				"1": 0,
				"2": 0,
				"3": 0,
				"4": 0,
				"5": 1,
				"6": 0,
				"7": 0,
				"8": 0,
				"9": 0,
				"10": 1,
				"11": 0,
				"12": 0,
				"13": 0,
				"14": 0,
				"15": 1
			},
			"isEnabled": true,
			"isVisible": true,
			"infiniteDistance": false,
			"pickable": true,
			"receiveShadows": false,
			"billboardMode": 0,
			"visibility": 1,
			"checkCollisions": false,
			"isBlocker": false,
			"overrideMaterialSideOrientation": 0,
			"parentId": "0a6b7be4-2db0-4d3e-8950-feeb9d902670",
			"isUnIndexed": false,
			"geometryId": "60a6bd93-5745-4e8b-87c5-8fcf88a5e8bb",
			"subMeshes": null,
			"materialId": "293b2cd9-2f93-4439-adf7-f00754896a25",
			"metadata": {
				"basePoseMatrix": {
					"0": -0.6264617443084717,
					"1": 0.07798518240451813,
					"2": -0.21426253020763397,
					"3": 0,
					"4": 8.744827639795005e-10,
					"5": 0.6264617443084717,
					"6": 0.22801342606544495,
					"7": 0,
					"8": -0.22801342606544495,
					"9": -0.21426253020763397,
					"10": 0.5886814594268799,
					"11": 0,
					"12": -20.664392471313477,
					"13": 2.83892822265625,
					"14": -18.71542739868164,
					"15": 1
				},
				"originalSourceFile": {
					"id": "nasa_swassubmillimeter_wave_astronomy_satellite_Object_10",
					"name": "nasa_swassubmillimeter_wave_astronomy_satellite_Object_10",
					"sceneFileName": "SATELLITE/satelite.glb"
				},
				"isPickable": false
			},
			"instances": [],
			"animations": [],
			"ranges": [],
			"layerMask": 268435455,
			"alphaIndex": 1.7976931348623157e+308,
			"hasVertexAlpha": false,
			"overlayAlpha": 0.5,
			"overlayColor": [
				1,
				0,
				0
			],
			"applyFog": true,
			"delayLoadingFile": "geometries/60a6bd93-5745-4e8b-87c5-8fcf88a5e8bb.babylonbinarymeshdata",
			"boundingBoxMaximum": [
				2.021968364715576,
				1.1757134199142456,
				1.0557825565338135
			],
			"boundingBoxMinimum": [
				-1.1026052236557007,
				0.35954564809799194,
				-1.060868740081787
			],
			"_binaryInfo": {
				"positionsAttrDesc": {
					"count": 921,
					"stride": 3,
					"offset": 0,
					"dataType": 1
				},
				"normalsAttrDesc": {
					"count": 921,
					"stride": 3,
					"offset": 3684,
					"dataType": 1
				},
				"uvsAttrDesc": {
					"count": 614,
					"stride": 2,
					"offset": 7368,
					"dataType": 1
				},
				"uvs2AttrDesc": {
					"count": 614,
					"stride": 2,
					"offset": 9824,
					"dataType": 1
				},
				"tangetsAttrDesc": {
					"count": 1228,
					"stride": 3,
					"offset": 12280,
					"dataType": 1
				},
				"indicesAttrDesc": {
					"count": 564,
					"stride": 1,
					"offset": 17192,
					"dataType": 0
				},
				"subMeshesAttrDesc": {
					"count": 1,
					"stride": 5,
					"offset": 19448,
					"dataType": 0
				}
			},
			"positions": null,
			"normals": null,
			"uvs": null,
			"hasUVs": true,
			"uv2s": null,
			"hasUVs2": true,
			"tangents": null,
			"indices": null
		}
	],
	"multiMaterials": [],
	"lods": []
}