{
	"materials": [],
	"meshes": [
		{
			"name": "nasacnes_topexposeidon_satellite_Object_18",
			"id": "a2e5ed23-d2ef-4191-abb7-c2dad7021910",
			"uniqueId": 488,
			"type": "Mesh",
			"position": [
				28.4631214,
				4,
				27.785078
			],
			"rotationQuaternion": [
				0,
				-0.939692616,
				0,
				0.342020154
			],
			"scaling": [
				1,
				1,
				1
			],
			"localMatrix": {
				"0": 1,
				"1": 0,
				"2": 0,
				"3": 0,
				"4": 0,
				"5": 1,
				"6": 0,
				"7": 0,
				"8": 0,
				"9": 0,
				"10": 1,
				"11": 0,
				"12": 0,
				"13": 0,
				"14": 0,
				"15": 1
			},
			"isEnabled": true,
			"isVisible": true,
			"infiniteDistance": false,
			"pickable": true,
			"receiveShadows": false,
			"billboardMode": 0,
			"visibility": 1,
			"checkCollisions": false,
			"isBlocker": false,
			"overrideMaterialSideOrientation": 0,
			"parentId": "0a6b7be4-2db0-4d3e-8950-feeb9d902670",
			"isUnIndexed": false,
			"geometryId": "be461b3c-2234-4501-aea0-e20659b1eb37",
			"subMeshes": null,
			"materialId": "9226804e-62cc-4baa-acb8-bd828a094bcd",
			"metadata": {
				"basePoseMatrix": {
					"0": 0.7660444378852844,
					"1": 0,
					"2": 0.6427876353263855,
					"3": 0,
					"4": 0,
					"5": 1,
					"6": 0,
					"7": 0,
					"8": 0.6427876353263855,
					"9": 0,
					"10": -0.7660444378852844,
					"11": 0,
					"12": 3.9441111087799072,
					"13": -4,
					"14": 39.580345153808594,
					"15": 1
				},
				"originalSourceFile": {
					"id": "nasacnes_topexposeidon_satellite_Object_18",
					"name": "nasacnes_topexposeidon_satellite_Object_18",
					"sceneFileName": "SATELLITE/satelite.glb"
				},
				"isPickable": false
			},
			"instances": [],
			"animations": [],
			"ranges": [],
			"layerMask": 268435455,
			"alphaIndex": 1.7976931348623157e+308,
			"hasVertexAlpha": false,
			"overlayAlpha": 0.3,
			"overlayColor": [
				1,
				0,
				0
			],
			"applyFog": true,
			"delayLoadingFile": "geometries/be461b3c-2234-4501-aea0-e20659b1eb37.babylonbinarymeshdata",
			"boundingBoxMaximum": [
				-4.180259704589844,
				2.236346960067749,
				0.4752624034881592
			],
			"boundingBoxMinimum": [
				-12.107757568359375,
				-1.2823423147201538,
				-1.7234594821929932
			],
			"_binaryInfo": {
				"positionsAttrDesc": {
					"count": 2082,
					"stride": 3,
					"offset": 0,
					"dataType": 1
				},
				"normalsAttrDesc": {
					"count": 2082,
					"stride": 3,
					"offset": 8328,
					"dataType": 1
				},
				"uvsAttrDesc": {
					"count": 1388,
					"stride": 2,
					"offset": 16656,
					"dataType": 1
				},
				"uvs2AttrDesc": {
					"count": 1388,
					"stride": 2,
					"offset": 22208,
					"dataType": 1
				},
				"tangetsAttrDesc": {
					"count": 2776,
					"stride": 3,
					"offset": 27760,
					"dataType": 1
				},
				"indicesAttrDesc": {
					"count": 1020,
					"stride": 1,
					"offset": 38864,
					"dataType": 0
				},
				"subMeshesAttrDesc": {
					"count": 1,
					"stride": 5,
					"offset": 42944,
					"dataType": 0
				}
			},
			"positions": null,
			"normals": null,
			"uvs": null,
			"hasUVs": true,
			"uv2s": null,
			"hasUVs2": true,
			"tangents": null,
			"indices": null
		}
	],
	"multiMaterials": [],
	"lods": []
}