{
	"materials": [],
	"meshes": [
		{
			"name": "nasacnes_topexposeidon_satellite_Object_7",
			"id": "a02f5f8c-cfa0-42f7-986d-8705283299ba",
			"uniqueId": 455,
			"type": "Mesh",
			"position": [
				28.4631214,
				4,
				27.785078
			],
			"rotationQuaternion": [
				0,
				-0.939692616,
				0,
				0.342020154
			],
			"scaling": [
				1,
				1,
				1
			],
			"localMatrix": {
				"0": 1,
				"1": 0,
				"2": 0,
				"3": 0,
				"4": 0,
				"5": 1,
				"6": 0,
				"7": 0,
				"8": 0,
				"9": 0,
				"10": 1,
				"11": 0,
				"12": 0,
				"13": 0,
				"14": 0,
				"15": 1
			},
			"isEnabled": true,
			"isVisible": true,
			"infiniteDistance": false,
			"pickable": true,
			"receiveShadows": false,
			"billboardMode": 0,
			"visibility": 1,
			"checkCollisions": false,
			"isBlocker": false,
			"overrideMaterialSideOrientation": 0,
			"parentId": "0a6b7be4-2db0-4d3e-8950-feeb9d902670",
			"isUnIndexed": false,
			"geometryId": "1b0faef2-0d09-4e20-bd61-b5aee88cecc8",
			"subMeshes": null,
			"materialId": "d35f3891-79d1-4fb0-a7b7-7e7e82c36621",
			"metadata": {
				"basePoseMatrix": {
					"0": 0.7660444378852844,
					"1": 0,
					"2": 0.6427876353263855,
					"3": 0,
					"4": 0,
					"5": 1,
					"6": 0,
					"7": 0,
					"8": 0.6427876353263855,
					"9": 0,
					"10": -0.7660444378852844,
					"11": 0,
					"12": 3.9441111087799072,
					"13": -4,
					"14": 39.580345153808594,
					"15": 1
				},
				"originalSourceFile": {
					"id": "nasacnes_topexposeidon_satellite_Object_7",
					"name": "nasacnes_topexposeidon_satellite_Object_7",
					"sceneFileName": "SATELLITE/satelite.glb"
				},
				"isPickable": false
			},
			"instances": [],
			"animations": [],
			"ranges": [],
			"layerMask": 268435455,
			"alphaIndex": 1.7976931348623157e+308,
			"hasVertexAlpha": false,
			"overlayAlpha": 0.3,
			"overlayColor": [
				1,
				0,
				0
			],
			"applyFog": true,
			"delayLoadingFile": "geometries/1b0faef2-0d09-4e20-bd61-b5aee88cecc8.babylonbinarymeshdata",
			"boundingBoxMaximum": [
				2.0642261505126953,
				2.2411603927612305,
				4.108795166015625
			],
			"boundingBoxMinimum": [
				-1.8484910726547241,
				-2.1625237464904785,
				-4.649753093719482
			],
			"_binaryInfo": {
				"positionsAttrDesc": {
					"count": 9756,
					"stride": 3,
					"offset": 0,
					"dataType": 1
				},
				"normalsAttrDesc": {
					"count": 9756,
					"stride": 3,
					"offset": 39024,
					"dataType": 1
				},
				"uvsAttrDesc": {
					"count": 6504,
					"stride": 2,
					"offset": 78048,
					"dataType": 1
				},
				"uvs2AttrDesc": {
					"count": 6504,
					"stride": 2,
					"offset": 104064,
					"dataType": 1
				},
				"tangetsAttrDesc": {
					"count": 13008,
					"stride": 3,
					"offset": 130080,
					"dataType": 1
				},
				"indicesAttrDesc": {
					"count": 4686,
					"stride": 1,
					"offset": 182112,
					"dataType": 0
				},
				"subMeshesAttrDesc": {
					"count": 1,
					"stride": 5,
					"offset": 200856,
					"dataType": 0
				}
			},
			"positions": null,
			"normals": null,
			"uvs": null,
			"hasUVs": true,
			"uv2s": null,
			"hasUVs2": true,
			"tangents": null,
			"indices": null
		}
	],
	"multiMaterials": [],
	"lods": []
}