{
	"materials": [],
	"meshes": [
		{
			"name": "nasa_swassubmillimeter_wave_astronomy_satellite_Object_17",
			"id": "4fc11f5b-2612-4703-98a3-cab8c65f110c",
			"uniqueId": 552,
			"type": "Mesh",
			"position": [
				38.6479378,
				5.5999999,
				15.5563707
			],
			"rotationQuaternion": [
				-0.171010077,
				0.171010077,
				0.0301536899,
				0.969846308
			],
			"scaling": [
				1.5,
				1.5,
				1.5
			],
			"localMatrix": {
				"0": 1,
				"1": 0,
				"2": 0,
				"3": 0,
				"4": 0,
				"5": 1,
				"6": 0,
				"7": 0,
				"8": 0,
				"9": 0,
				"10": 1,
				"11": 0,
				"12": 0,
				"13": 0,
				"14": 0,
				"15": 1
			},
			"isEnabled": true,
			"isVisible": true,
			"infiniteDistance": false,
			"pickable": true,
			"receiveShadows": false,
			"billboardMode": 0,
			"visibility": 1,
			"checkCollisions": false,
			"isBlocker": false,
			"overrideMaterialSideOrientation": 0,
			"parentId": "0a6b7be4-2db0-4d3e-8950-feeb9d902670",
			"isUnIndexed": false,
			"geometryId": "cfe2279e-7590-43ab-b697-c5d959487ad1",
			"subMeshes": null,
			"materialId": "6f9ffc1f-8ce5-4aed-8e02-4b1ef6347e02",
			"metadata": {
				"basePoseMatrix": {
					"0": -0.6264617443084717,
					"1": 0.07798518240451813,
					"2": -0.21426253020763397,
					"3": 0,
					"4": 8.744827639795005e-10,
					"5": 0.6264617443084717,
					"6": 0.22801342606544495,
					"7": 0,
					"8": -0.22801342606544495,
					"9": -0.21426253020763397,
					"10": 0.5886814594268799,
					"11": 0,
					"12": -20.664392471313477,
					"13": 2.83892822265625,
					"14": -18.71542739868164,
					"15": 1
				},
				"originalSourceFile": {
					"id": "nasa_swassubmillimeter_wave_astronomy_satellite_Object_17",
					"name": "nasa_swassubmillimeter_wave_astronomy_satellite_Object_17",
					"sceneFileName": "SATELLITE/satelite.glb"
				},
				"isPickable": false
			},
			"instances": [],
			"animations": [],
			"ranges": [],
			"layerMask": 268435455,
			"alphaIndex": 1.7976931348623157e+308,
			"hasVertexAlpha": false,
			"overlayAlpha": 0.5,
			"overlayColor": [
				1,
				0,
				0
			],
			"applyFog": true,
			"delayLoadingFile": "geometries/cfe2279e-7590-43ab-b697-c5d959487ad1.babylonbinarymeshdata",
			"boundingBoxMaximum": [
				3.251762628555298,
				1.396689534187317,
				0.8865180015563965
			],
			"boundingBoxMinimum": [
				2.842175245285034,
				-0.34259840846061707,
				-0.8808174729347229
			],
			"_binaryInfo": {
				"positionsAttrDesc": {
					"count": 453,
					"stride": 3,
					"offset": 0,
					"dataType": 1
				},
				"normalsAttrDesc": {
					"count": 453,
					"stride": 3,
					"offset": 1812,
					"dataType": 1
				},
				"uvsAttrDesc": {
					"count": 302,
					"stride": 2,
					"offset": 3624,
					"dataType": 1
				},
				"uvs2AttrDesc": {
					"count": 302,
					"stride": 2,
					"offset": 4832,
					"dataType": 1
				},
				"tangetsAttrDesc": {
					"count": 604,
					"stride": 3,
					"offset": 6040,
					"dataType": 1
				},
				"indicesAttrDesc": {
					"count": 798,
					"stride": 1,
					"offset": 8456,
					"dataType": 0
				},
				"subMeshesAttrDesc": {
					"count": 1,
					"stride": 5,
					"offset": 11648,
					"dataType": 0
				}
			},
			"positions": null,
			"normals": null,
			"uvs": null,
			"hasUVs": true,
			"uv2s": null,
			"hasUVs2": true,
			"tangents": null,
			"indices": null
		}
	],
	"multiMaterials": [],
	"lods": []
}