{
	"materials": [],
	"meshes": [
		{
			"name": "nasacnes_topexposeidon_satellite_Object_22",
			"id": "f97ec6e4-8aa2-4ccb-a20c-2b4cf71d1399",
			"uniqueId": 500,
			"type": "Mesh",
			"position": [
				28.4631214,
				4,
				27.785078
			],
			"rotationQuaternion": [
				0,
				-0.939692616,
				0,
				0.342020154
			],
			"scaling": [
				1,
				1,
				1
			],
			"localMatrix": {
				"0": 1,
				"1": 0,
				"2": 0,
				"3": 0,
				"4": 0,
				"5": 1,
				"6": 0,
				"7": 0,
				"8": 0,
				"9": 0,
				"10": 1,
				"11": 0,
				"12": 0,
				"13": 0,
				"14": 0,
				"15": 1
			},
			"isEnabled": true,
			"isVisible": true,
			"infiniteDistance": false,
			"pickable": true,
			"receiveShadows": false,
			"billboardMode": 0,
			"visibility": 1,
			"checkCollisions": false,
			"isBlocker": false,
			"overrideMaterialSideOrientation": 0,
			"parentId": "0a6b7be4-2db0-4d3e-8950-feeb9d902670",
			"isUnIndexed": false,
			"geometryId": "f4f49655-aca6-494f-9c03-3df70120cecc",
			"subMeshes": null,
			"materialId": "56bd1a6b-68de-4871-86f0-d44c5e278d72",
			"metadata": {
				"basePoseMatrix": {
					"0": 0.7660444378852844,
					"1": 0,
					"2": 0.6427876353263855,
					"3": 0,
					"4": 0,
					"5": 1,
					"6": 0,
					"7": 0,
					"8": 0.6427876353263855,
					"9": 0,
					"10": -0.7660444378852844,
					"11": 0,
					"12": 3.9441111087799072,
					"13": -4,
					"14": 39.580345153808594,
					"15": 1
				},
				"originalSourceFile": {
					"id": "nasacnes_topexposeidon_satellite_Object_22",
					"name": "nasacnes_topexposeidon_satellite_Object_22",
					"sceneFileName": "SATELLITE/satelite.glb"
				},
				"isPickable": false
			},
			"instances": [],
			"animations": [],
			"ranges": [],
			"layerMask": 268435455,
			"alphaIndex": 1.7976931348623157e+308,
			"hasVertexAlpha": false,
			"overlayAlpha": 0.5,
			"overlayColor": [
				1,
				0,
				0
			],
			"applyFog": true,
			"delayLoadingFile": "geometries/f4f49655-aca6-494f-9c03-3df70120cecc.babylonbinarymeshdata",
			"boundingBoxMaximum": [
				-4.180259704589844,
				2.2363150119781494,
				0.47527074813842773
			],
			"boundingBoxMinimum": [
				-12.107752799987793,
				-1.282356858253479,
				-1.7234396934509277
			],
			"_binaryInfo": {
				"positionsAttrDesc": {
					"count": 1098,
					"stride": 3,
					"offset": 0,
					"dataType": 1
				},
				"normalsAttrDesc": {
					"count": 1098,
					"stride": 3,
					"offset": 4392,
					"dataType": 1
				},
				"uvsAttrDesc": {
					"count": 732,
					"stride": 2,
					"offset": 8784,
					"dataType": 1
				},
				"uvs2AttrDesc": {
					"count": 732,
					"stride": 2,
					"offset": 11712,
					"dataType": 1
				},
				"tangetsAttrDesc": {
					"count": 1464,
					"stride": 3,
					"offset": 14640,
					"dataType": 1
				},
				"indicesAttrDesc": {
					"count": 540,
					"stride": 1,
					"offset": 20496,
					"dataType": 0
				},
				"subMeshesAttrDesc": {
					"count": 1,
					"stride": 5,
					"offset": 22656,
					"dataType": 0
				}
			},
			"positions": null,
			"normals": null,
			"uvs": null,
			"hasUVs": true,
			"uv2s": null,
			"hasUVs2": true,
			"tangents": null,
			"indices": null
		}
	],
	"multiMaterials": [],
	"lods": []
}