{
	"materials": [],
	"meshes": [
		{
			"name": "nasa_swassubmillimeter_wave_astronomy_satellite_Object_8",
			"id": "c7444f11-ccbb-42ae-b017-623e17c88a63",
			"uniqueId": 525,
			"type": "Mesh",
			"position": [
				38.6479378,
				5.5999999,
				15.5563707
			],
			"rotationQuaternion": [
				-0.171010077,
				0.171010077,
				0.0301536899,
				0.969846308
			],
			"scaling": [
				1.5,
				1.5,
				1.5
			],
			"localMatrix": {
				"0": 1,
				"1": 0,
				"2": 0,
				"3": 0,
				"4": 0,
				"5": 1,
				"6": 0,
				"7": 0,
				"8": 0,
				"9": 0,
				"10": 1,
				"11": 0,
				"12": 0,
				"13": 0,
				"14": 0,
				"15": 1
			},
			"isEnabled": true,
			"isVisible": true,
			"infiniteDistance": false,
			"pickable": true,
			"receiveShadows": false,
			"billboardMode": 0,
			"visibility": 1,
			"checkCollisions": false,
			"isBlocker": false,
			"overrideMaterialSideOrientation": 0,
			"parentId": "0a6b7be4-2db0-4d3e-8950-feeb9d902670",
			"isUnIndexed": false,
			"geometryId": "b2c36d47-14e1-469b-8be6-ba152852d743",
			"subMeshes": null,
			"materialId": "17f46461-454d-4623-bd85-1593cd707af5",
			"metadata": {
				"basePoseMatrix": {
					"0": -0.6264617443084717,
					"1": 0.07798518240451813,
					"2": -0.21426253020763397,
					"3": 0,
					"4": 8.744827639795005e-10,
					"5": 0.6264617443084717,
					"6": 0.22801342606544495,
					"7": 0,
					"8": -0.22801342606544495,
					"9": -0.21426253020763397,
					"10": 0.5886814594268799,
					"11": 0,
					"12": -20.664392471313477,
					"13": 2.83892822265625,
					"14": -18.71542739868164,
					"15": 1
				},
				"originalSourceFile": {
					"id": "nasa_swassubmillimeter_wave_astronomy_satellite_Object_8",
					"name": "nasa_swassubmillimeter_wave_astronomy_satellite_Object_8",
					"sceneFileName": "SATELLITE/satelite.glb"
				},
				"isPickable": false
			},
			"instances": [],
			"animations": [],
			"ranges": [],
			"layerMask": 268435455,
			"alphaIndex": 1.7976931348623157e+308,
			"hasVertexAlpha": false,
			"overlayAlpha": 0.3,
			"overlayColor": [
				1,
				0,
				0
			],
			"applyFog": true,
			"delayLoadingFile": "geometries/b2c36d47-14e1-469b-8be6-ba152852d743.babylonbinarymeshdata",
			"boundingBoxMaximum": [
				2.0234551429748535,
				1.5622228384017944,
				1.220639705657959
			],
			"boundingBoxMinimum": [
				-1.0918831825256348,
				-0.006937073543667793,
				-1.2206374406814575
			],
			"_binaryInfo": {
				"positionsAttrDesc": {
					"count": 300,
					"stride": 3,
					"offset": 0,
					"dataType": 1
				},
				"normalsAttrDesc": {
					"count": 300,
					"stride": 3,
					"offset": 1200,
					"dataType": 1
				},
				"uvsAttrDesc": {
					"count": 200,
					"stride": 2,
					"offset": 2400,
					"dataType": 1
				},
				"uvs2AttrDesc": {
					"count": 200,
					"stride": 2,
					"offset": 3200,
					"dataType": 1
				},
				"tangetsAttrDesc": {
					"count": 400,
					"stride": 3,
					"offset": 4000,
					"dataType": 1
				},
				"indicesAttrDesc": {
					"count": 156,
					"stride": 1,
					"offset": 5600,
					"dataType": 0
				},
				"subMeshesAttrDesc": {
					"count": 1,
					"stride": 5,
					"offset": 6224,
					"dataType": 0
				}
			},
			"positions": null,
			"normals": null,
			"uvs": null,
			"hasUVs": true,
			"uv2s": null,
			"hasUVs2": true,
			"tangents": null,
			"indices": null
		}
	],
	"multiMaterials": [],
	"lods": []
}