{
	"materials": [],
	"meshes": [
		{
			"name": "nasacnes_topexposeidon_satellite_Object_20",
			"id": "183eb82d-28fb-4514-949d-4858b42ee5fb",
			"uniqueId": 494,
			"type": "Mesh",
			"position": [
				28.4631214,
				4,
				27.785078
			],
			"rotationQuaternion": [
				0,
				-0.939692616,
				0,
				0.342020154
			],
			"scaling": [
				1,
				1,
				1
			],
			"localMatrix": {
				"0": 1,
				"1": 0,
				"2": 0,
				"3": 0,
				"4": 0,
				"5": 1,
				"6": 0,
				"7": 0,
				"8": 0,
				"9": 0,
				"10": 1,
				"11": 0,
				"12": 0,
				"13": 0,
				"14": 0,
				"15": 1
			},
			"isEnabled": true,
			"isVisible": true,
			"infiniteDistance": false,
			"pickable": true,
			"receiveShadows": false,
			"billboardMode": 0,
			"visibility": 1,
			"checkCollisions": false,
			"isBlocker": false,
			"overrideMaterialSideOrientation": 0,
			"parentId": "0a6b7be4-2db0-4d3e-8950-feeb9d902670",
			"isUnIndexed": false,
			"geometryId": "6df75e23-b3c2-4529-9326-28c234f24e86",
			"subMeshes": null,
			"materialId": "97a037c4-70a4-4cea-ab7d-8c5e1d31bcad",
			"metadata": {
				"basePoseMatrix": {
					"0": 0.7660444378852844,
					"1": 0,
					"2": 0.6427876353263855,
					"3": 0,
					"4": 0,
					"5": 1,
					"6": 0,
					"7": 0,
					"8": 0.6427876353263855,
					"9": 0,
					"10": -0.7660444378852844,
					"11": 0,
					"12": 3.9441111087799072,
					"13": -4,
					"14": 39.580345153808594,
					"15": 1
				},
				"originalSourceFile": {
					"id": "nasacnes_topexposeidon_satellite_Object_20",
					"name": "nasacnes_topexposeidon_satellite_Object_20",
					"sceneFileName": "SATELLITE/satelite.glb"
				},
				"isPickable": false
			},
			"instances": [],
			"animations": [],
			"ranges": [],
			"layerMask": 268435455,
			"alphaIndex": 1.7976931348623157e+308,
			"hasVertexAlpha": false,
			"overlayAlpha": 0.3,
			"overlayColor": [
				1,
				0,
				0
			],
			"applyFog": true,
			"delayLoadingFile": "geometries/6df75e23-b3c2-4529-9326-28c234f24e86.babylonbinarymeshdata",
			"boundingBoxMaximum": [
				-4.180264472961426,
				2.236342191696167,
				0.4752568304538727
			],
			"boundingBoxMinimum": [
				-11.959501266479492,
				-1.282333493232727,
				-1.7234565019607544
			],
			"_binaryInfo": {
				"positionsAttrDesc": {
					"count": 1716,
					"stride": 3,
					"offset": 0,
					"dataType": 1
				},
				"normalsAttrDesc": {
					"count": 1716,
					"stride": 3,
					"offset": 6864,
					"dataType": 1
				},
				"uvsAttrDesc": {
					"count": 1144,
					"stride": 2,
					"offset": 13728,
					"dataType": 1
				},
				"uvs2AttrDesc": {
					"count": 1144,
					"stride": 2,
					"offset": 18304,
					"dataType": 1
				},
				"tangetsAttrDesc": {
					"count": 2288,
					"stride": 3,
					"offset": 22880,
					"dataType": 1
				},
				"indicesAttrDesc": {
					"count": 852,
					"stride": 1,
					"offset": 32032,
					"dataType": 0
				},
				"subMeshesAttrDesc": {
					"count": 1,
					"stride": 5,
					"offset": 35440,
					"dataType": 0
				}
			},
			"positions": null,
			"normals": null,
			"uvs": null,
			"hasUVs": true,
			"uv2s": null,
			"hasUVs2": true,
			"tangents": null,
			"indices": null
		}
	],
	"multiMaterials": [],
	"lods": []
}