{
	"materials": [],
	"meshes": [
		{
			"name": "nasacnes_topexposeidon_satellite_Object_14",
			"id": "17f142d7-7405-4703-9c38-c77ed0420f3f",
			"uniqueId": 476,
			"type": "Mesh",
			"position": [
				28.4631214,
				4,
				27.785078
			],
			"rotationQuaternion": [
				0,
				-0.939692616,
				0,
				0.342020154
			],
			"scaling": [
				1,
				1,
				1
			],
			"localMatrix": {
				"0": 1,
				"1": 0,
				"2": 0,
				"3": 0,
				"4": 0,
				"5": 1,
				"6": 0,
				"7": 0,
				"8": 0,
				"9": 0,
				"10": 1,
				"11": 0,
				"12": 0,
				"13": 0,
				"14": 0,
				"15": 1
			},
			"isEnabled": true,
			"isVisible": true,
			"infiniteDistance": false,
			"pickable": true,
			"receiveShadows": false,
			"billboardMode": 0,
			"visibility": 1,
			"checkCollisions": false,
			"isBlocker": false,
			"overrideMaterialSideOrientation": 0,
			"parentId": "0a6b7be4-2db0-4d3e-8950-feeb9d902670",
			"isUnIndexed": false,
			"geometryId": "f5989ba2-aa72-416f-81b1-5dd3f298512f",
			"subMeshes": null,
			"materialId": "1454b332-f1be-483e-b75a-1cb2fd83b20b",
			"metadata": {
				"basePoseMatrix": {
					"0": 0.7660444378852844,
					"1": 0,
					"2": 0.6427876353263855,
					"3": 0,
					"4": 0,
					"5": 1,
					"6": 0,
					"7": 0,
					"8": 0.6427876353263855,
					"9": 0,
					"10": -0.7660444378852844,
					"11": 0,
					"12": 3.9441111087799072,
					"13": -4,
					"14": 39.580345153808594,
					"15": 1
				},
				"originalSourceFile": {
					"id": "nasacnes_topexposeidon_satellite_Object_14",
					"name": "nasacnes_topexposeidon_satellite_Object_14",
					"sceneFileName": "SATELLITE/satelite.glb"
				},
				"isPickable": false
			},
			"instances": [],
			"animations": [],
			"ranges": [],
			"layerMask": 268435455,
			"alphaIndex": 1.7976931348623157e+308,
			"hasVertexAlpha": false,
			"overlayAlpha": 0.5,
			"overlayColor": [
				1,
				0,
				0
			],
			"applyFog": true,
			"delayLoadingFile": "geometries/f5989ba2-aa72-416f-81b1-5dd3f298512f.babylonbinarymeshdata",
			"boundingBoxMaximum": [
				2.33945631980896,
				7.226761817932129,
				0.5731562376022339
			],
			"boundingBoxMinimum": [
				-1.6844085454940796,
				-3.670959949493408,
				-3.8676817417144775
			],
			"_binaryInfo": {
				"positionsAttrDesc": {
					"count": 16569,
					"stride": 3,
					"offset": 0,
					"dataType": 1
				},
				"normalsAttrDesc": {
					"count": 16569,
					"stride": 3,
					"offset": 66276,
					"dataType": 1
				},
				"uvsAttrDesc": {
					"count": 11046,
					"stride": 2,
					"offset": 132552,
					"dataType": 1
				},
				"uvs2AttrDesc": {
					"count": 11046,
					"stride": 2,
					"offset": 176736,
					"dataType": 1
				},
				"tangetsAttrDesc": {
					"count": 22092,
					"stride": 3,
					"offset": 220920,
					"dataType": 1
				},
				"indicesAttrDesc": {
					"count": 17412,
					"stride": 1,
					"offset": 309288,
					"dataType": 0
				},
				"subMeshesAttrDesc": {
					"count": 1,
					"stride": 5,
					"offset": 378936,
					"dataType": 0
				}
			},
			"positions": null,
			"normals": null,
			"uvs": null,
			"hasUVs": true,
			"uv2s": null,
			"hasUVs2": true,
			"tangents": null,
			"indices": null
		}
	],
	"multiMaterials": [],
	"lods": []
}