{
	"materials": [],
	"meshes": [
		{
			"name": "nasa_transiting_exoplanet_survey_sat_tess_instruments_0",
			"id": "1a4514fb-dbcc-4e0b-b934-a0fb7bce09b8",
			"uniqueId": 607,
			"type": "Mesh",
			"position": [
				40.6995506,
				4.4000001,
				-20.2005939
			],
			"rotationQuaternion": [
				0,
				-0.342020154,
				0,
				0.939692616
			],
			"scaling": [
				1,
				1,
				1
			],
			"localMatrix": {
				"0": 1,
				"1": 0,
				"2": 0,
				"3": 0,
				"4": 0,
				"5": 1,
				"6": 0,
				"7": 0,
				"8": 0,
				"9": 0,
				"10": 1,
				"11": 0,
				"12": 0,
				"13": 0,
				"14": 0,
				"15": 1
			},
			"isEnabled": true,
			"isVisible": true,
			"infiniteDistance": false,
			"pickable": true,
			"receiveShadows": false,
			"billboardMode": 0,
			"visibility": 1,
			"checkCollisions": false,
			"isBlocker": false,
			"overrideMaterialSideOrientation": 0,
			"parentId": "0a6b7be4-2db0-4d3e-8950-feeb9d902670",
			"isUnIndexed": false,
			"geometryId": "c8e41460-4c7b-4ebf-b66c-c4c24272d430",
			"subMeshes": null,
			"materialId": "2c344a7e-ae6b-4659-8a58-c66cb4c59372",
			"metadata": {
				"basePoseMatrix": {
					"0": -0.7660444378852844,
					"1": 0,
					"2": 0.6427876353263855,
					"3": 0,
					"4": 0,
					"5": 1,
					"6": 0,
					"7": 0,
					"8": 0.6427876353263855,
					"9": 0,
					"10": 0.7660444378852844,
					"11": 0,
					"12": -18.19297218322754,
					"13": -4.400000095367432,
					"14": 41.635719299316406,
					"15": 1
				},
				"originalSourceFile": {
					"id": "nasa_transiting_exoplanet_survey_sat_tess_instruments_0",
					"name": "nasa_transiting_exoplanet_survey_sat_tess_instruments_0",
					"sceneFileName": "SATELLITE/satelite.glb"
				},
				"isPickable": false
			},
			"instances": [],
			"animations": [],
			"ranges": [],
			"layerMask": 268435455,
			"alphaIndex": 1.7976931348623157e+308,
			"hasVertexAlpha": false,
			"overlayAlpha": 0.3,
			"overlayColor": [
				1,
				0,
				0
			],
			"applyFog": true,
			"delayLoadingFile": "geometries/c8e41460-4c7b-4ebf-b66c-c4c24272d430.babylonbinarymeshdata",
			"boundingBoxMaximum": [
				3.697550058364868,
				1.825100302696228,
				1.5274202823638916
			],
			"boundingBoxMinimum": [
				-3.6963601112365723,
				-1.2662502527236938,
				-1.5292401313781738
			],
			"_binaryInfo": {
				"positionsAttrDesc": {
					"count": 34665,
					"stride": 3,
					"offset": 0,
					"dataType": 1
				},
				"normalsAttrDesc": {
					"count": 34665,
					"stride": 3,
					"offset": 138660,
					"dataType": 1
				},
				"uvsAttrDesc": {
					"count": 23110,
					"stride": 2,
					"offset": 277320,
					"dataType": 1
				},
				"uvs2AttrDesc": {
					"count": 23110,
					"stride": 2,
					"offset": 369760,
					"dataType": 1
				},
				"tangetsAttrDesc": {
					"count": 46220,
					"stride": 3,
					"offset": 462200,
					"dataType": 1
				},
				"indicesAttrDesc": {
					"count": 41325,
					"stride": 1,
					"offset": 647080,
					"dataType": 0
				},
				"subMeshesAttrDesc": {
					"count": 1,
					"stride": 5,
					"offset": 812380,
					"dataType": 0
				}
			},
			"positions": null,
			"normals": null,
			"uvs": null,
			"hasUVs": true,
			"uv2s": null,
			"hasUVs2": true,
			"tangents": null,
			"indices": null
		}
	],
	"multiMaterials": [],
	"lods": []
}