{
	"materials": [],
	"meshes": [
		{
			"name": "nasa_transiting_exoplanet_survey_sat_tess_instruments_1",
			"id": "f7d08123-42ef-4725-9fa4-a40d8c70b2a3",
			"uniqueId": 610,
			"type": "Mesh",
			"position": [
				40.6995506,
				4.4000001,
				-20.2005939
			],
			"rotationQuaternion": [
				0,
				-0.342020154,
				0,
				0.939692616
			],
			"scaling": [
				1,
				1,
				1
			],
			"localMatrix": {
				"0": 1,
				"1": 0,
				"2": 0,
				"3": 0,
				"4": 0,
				"5": 1,
				"6": 0,
				"7": 0,
				"8": 0,
				"9": 0,
				"10": 1,
				"11": 0,
				"12": 0,
				"13": 0,
				"14": 0,
				"15": 1
			},
			"isEnabled": true,
			"isVisible": true,
			"infiniteDistance": false,
			"pickable": true,
			"receiveShadows": false,
			"billboardMode": 0,
			"visibility": 1,
			"checkCollisions": false,
			"isBlocker": false,
			"overrideMaterialSideOrientation": 0,
			"parentId": "0a6b7be4-2db0-4d3e-8950-feeb9d902670",
			"isUnIndexed": false,
			"geometryId": "aeef901d-89f3-4d4e-a457-b850dffcac9b",
			"subMeshes": null,
			"materialId": "a4e6a6f0-5e97-4177-8334-edc21d09b605",
			"metadata": {
				"basePoseMatrix": {
					"0": -0.7660444378852844,
					"1": 0,
					"2": 0.6427876353263855,
					"3": 0,
					"4": 0,
					"5": 1,
					"6": 0,
					"7": 0,
					"8": 0.6427876353263855,
					"9": 0,
					"10": 0.7660444378852844,
					"11": 0,
					"12": -18.19297218322754,
					"13": -4.400000095367432,
					"14": 41.635719299316406,
					"15": 1
				},
				"originalSourceFile": {
					"id": "nasa_transiting_exoplanet_survey_sat_tess_instruments_1",
					"name": "nasa_transiting_exoplanet_survey_sat_tess_instruments_1",
					"sceneFileName": "SATELLITE/satelite.glb"
				},
				"isPickable": false
			},
			"instances": [],
			"animations": [],
			"ranges": [],
			"layerMask": 268435455,
			"alphaIndex": 1.7976931348623157e+308,
			"hasVertexAlpha": false,
			"overlayAlpha": 0.5,
			"overlayColor": [
				1,
				0,
				0
			],
			"applyFog": true,
			"delayLoadingFile": "geometries/aeef901d-89f3-4d4e-a457-b850dffcac9b.babylonbinarymeshdata",
			"boundingBoxMaximum": [
				3.697550058364868,
				-0.09959989041090012,
				0.8368601202964783
			],
			"boundingBoxMinimum": [
				-3.6963601112365723,
				-0.16112016141414642,
				-0.8370001316070557
			],
			"_binaryInfo": {
				"positionsAttrDesc": {
					"count": 144,
					"stride": 3,
					"offset": 0,
					"dataType": 1
				},
				"normalsAttrDesc": {
					"count": 144,
					"stride": 3,
					"offset": 576,
					"dataType": 1
				},
				"uvsAttrDesc": {
					"count": 96,
					"stride": 2,
					"offset": 1152,
					"dataType": 1
				},
				"uvs2AttrDesc": {
					"count": 96,
					"stride": 2,
					"offset": 1536,
					"dataType": 1
				},
				"tangetsAttrDesc": {
					"count": 192,
					"stride": 3,
					"offset": 1920,
					"dataType": 1
				},
				"indicesAttrDesc": {
					"count": 96,
					"stride": 1,
					"offset": 2688,
					"dataType": 0
				},
				"subMeshesAttrDesc": {
					"count": 1,
					"stride": 5,
					"offset": 3072,
					"dataType": 0
				}
			},
			"positions": null,
			"normals": null,
			"uvs": null,
			"hasUVs": true,
			"uv2s": null,
			"hasUVs2": true,
			"tangents": null,
			"indices": null
		}
	],
	"multiMaterials": [],
	"lods": []
}