{
	"materials": [],
	"meshes": [
		{
			"name": "nasa_transiting_exoplanet_survey_sat_tess_instruments_2",
			"id": "1d1c80ee-e6bf-45c4-a079-e43e6b7760b7",
			"uniqueId": 613,
			"type": "Mesh",
			"position": [
				40.6995506,
				4.4000001,
				-20.2005939
			],
			"rotationQuaternion": [
				0,
				-0.342020154,
				0,
				0.939692616
			],
			"scaling": [
				1,
				1,
				1
			],
			"localMatrix": {
				"0": 1,
				"1": 0,
				"2": 0,
				"3": 0,
				"4": 0,
				"5": 1,
				"6": 0,
				"7": 0,
				"8": 0,
				"9": 0,
				"10": 1,
				"11": 0,
				"12": 0,
				"13": 0,
				"14": 0,
				"15": 1
			},
			"isEnabled": true,
			"isVisible": true,
			"infiniteDistance": false,
			"pickable": true,
			"receiveShadows": false,
			"billboardMode": 0,
			"visibility": 1,
			"checkCollisions": false,
			"isBlocker": false,
			"overrideMaterialSideOrientation": 0,
			"parentId": "0a6b7be4-2db0-4d3e-8950-feeb9d902670",
			"isUnIndexed": false,
			"geometryId": "31ec0e8e-a849-4595-9fb9-dc03990dc4ae",
			"subMeshes": null,
			"materialId": "471d92f5-9add-47b7-9115-e4c3669bfa3f",
			"metadata": {
				"basePoseMatrix": {
					"0": -0.7660444378852844,
					"1": 0,
					"2": 0.6427876353263855,
					"3": 0,
					"4": 0,
					"5": 1,
					"6": 0,
					"7": 0,
					"8": 0.6427876353263855,
					"9": 0,
					"10": 0.7660444378852844,
					"11": 0,
					"12": -18.19297218322754,
					"13": -4.400000095367432,
					"14": 41.635719299316406,
					"15": 1
				},
				"originalSourceFile": {
					"id": "nasa_transiting_exoplanet_survey_sat_tess_instruments_2",
					"name": "nasa_transiting_exoplanet_survey_sat_tess_instruments_2",
					"sceneFileName": "SATELLITE/satelite.glb"
				},
				"isPickable": false
			},
			"instances": [],
			"animations": [],
			"ranges": [],
			"layerMask": 268435455,
			"alphaIndex": 1.7976931348623157e+308,
			"hasVertexAlpha": false,
			"overlayAlpha": 0.5,
			"overlayColor": [
				1,
				0,
				0
			],
			"applyFog": true,
			"delayLoadingFile": "geometries/31ec0e8e-a849-4595-9fb9-dc03990dc4ae.babylonbinarymeshdata",
			"boundingBoxMaximum": [
				0.803309977054596,
				0.3006499707698822,
				-0.5281801223754883
			],
			"boundingBoxMinimum": [
				0.7345898747444153,
				0.2522699236869812,
				-0.5988200902938843
			],
			"_binaryInfo": {
				"positionsAttrDesc": {
					"count": 60,
					"stride": 3,
					"offset": 0,
					"dataType": 1
				},
				"normalsAttrDesc": {
					"count": 60,
					"stride": 3,
					"offset": 240,
					"dataType": 1
				},
				"uvsAttrDesc": {
					"count": 40,
					"stride": 2,
					"offset": 480,
					"dataType": 1
				},
				"uvs2AttrDesc": {
					"count": 40,
					"stride": 2,
					"offset": 640,
					"dataType": 1
				},
				"tangetsAttrDesc": {
					"count": 80,
					"stride": 3,
					"offset": 800,
					"dataType": 1
				},
				"indicesAttrDesc": {
					"count": 30,
					"stride": 1,
					"offset": 1120,
					"dataType": 0
				},
				"subMeshesAttrDesc": {
					"count": 1,
					"stride": 5,
					"offset": 1240,
					"dataType": 0
				}
			},
			"positions": null,
			"normals": null,
			"uvs": null,
			"hasUVs": true,
			"uv2s": null,
			"hasUVs2": true,
			"tangents": null,
			"indices": null
		}
	],
	"multiMaterials": [],
	"lods": []
}