{
	"materials": [],
	"meshes": [
		{
			"name": "nasacnes_topexposeidon_satellite_Object_16",
			"id": "30b7d60f-4f3c-4876-b8f4-6c6caf6b255c",
			"uniqueId": 482,
			"type": "Mesh",
			"position": [
				28.4631214,
				4,
				27.785078
			],
			"rotationQuaternion": [
				0,
				-0.939692616,
				0,
				0.342020154
			],
			"scaling": [
				1,
				1,
				1
			],
			"localMatrix": {
				"0": 1,
				"1": 0,
				"2": 0,
				"3": 0,
				"4": 0,
				"5": 1,
				"6": 0,
				"7": 0,
				"8": 0,
				"9": 0,
				"10": 1,
				"11": 0,
				"12": 0,
				"13": 0,
				"14": 0,
				"15": 1
			},
			"isEnabled": true,
			"isVisible": true,
			"infiniteDistance": false,
			"pickable": true,
			"receiveShadows": false,
			"billboardMode": 0,
			"visibility": 1,
			"checkCollisions": false,
			"isBlocker": false,
			"overrideMaterialSideOrientation": 0,
			"parentId": "0a6b7be4-2db0-4d3e-8950-feeb9d902670",
			"isUnIndexed": false,
			"geometryId": "3cdabf0c-d35f-4675-b1a8-3dfc2e21b521",
			"subMeshes": null,
			"materialId": "c89bfc76-e425-476a-9404-4636ae255d7c",
			"metadata": {
				"basePoseMatrix": {
					"0": 0.7660444378852844,
					"1": 0,
					"2": 0.6427876353263855,
					"3": 0,
					"4": 0,
					"5": 1,
					"6": 0,
					"7": 0,
					"8": 0.6427876353263855,
					"9": 0,
					"10": -0.7660444378852844,
					"11": 0,
					"12": 3.9441111087799072,
					"13": -4,
					"14": 39.580345153808594,
					"15": 1
				},
				"originalSourceFile": {
					"id": "nasacnes_topexposeidon_satellite_Object_16",
					"name": "nasacnes_topexposeidon_satellite_Object_16",
					"sceneFileName": "SATELLITE/satelite.glb"
				},
				"isPickable": false
			},
			"instances": [],
			"animations": [],
			"ranges": [],
			"layerMask": 268435455,
			"alphaIndex": 1.7976931348623157e+308,
			"hasVertexAlpha": false,
			"overlayAlpha": 0.3,
			"overlayColor": [
				1,
				0,
				0
			],
			"applyFog": true,
			"delayLoadingFile": "geometries/3cdabf0c-d35f-4675-b1a8-3dfc2e21b521.babylonbinarymeshdata",
			"boundingBoxMaximum": [
				-4.18025541305542,
				2.2363436222076416,
				0.47526800632476807
			],
			"boundingBoxMinimum": [
				-11.959521293640137,
				-1.2823513746261597,
				-1.7234547138214111
			],
			"_binaryInfo": {
				"positionsAttrDesc": {
					"count": 1554,
					"stride": 3,
					"offset": 0,
					"dataType": 1
				},
				"normalsAttrDesc": {
					"count": 1554,
					"stride": 3,
					"offset": 6216,
					"dataType": 1
				},
				"uvsAttrDesc": {
					"count": 1036,
					"stride": 2,
					"offset": 12432,
					"dataType": 1
				},
				"uvs2AttrDesc": {
					"count": 1036,
					"stride": 2,
					"offset": 16576,
					"dataType": 1
				},
				"tangetsAttrDesc": {
					"count": 2072,
					"stride": 3,
					"offset": 20720,
					"dataType": 1
				},
				"indicesAttrDesc": {
					"count": 768,
					"stride": 1,
					"offset": 29008,
					"dataType": 0
				},
				"subMeshesAttrDesc": {
					"count": 1,
					"stride": 5,
					"offset": 32080,
					"dataType": 0
				}
			},
			"positions": null,
			"normals": null,
			"uvs": null,
			"hasUVs": true,
			"uv2s": null,
			"hasUVs2": true,
			"tangents": null,
			"indices": null
		}
	],
	"multiMaterials": [],
	"lods": []
}