{
	"materials": [],
	"meshes": [
		{
			"name": "ROVER_primitive4",
			"id": "5c8344de-8d20-4751-bc5c-717569c83eb7",
			"uniqueId": 639,
			"type": "Mesh",
			"position": [
				0,
				0,
				0
			],
			"rotation": [
				0,
				0,
				0
			],
			"scaling": [
				1,
				1,
				1
			],
			"localMatrix": {
				"0": 1,
				"1": 0,
				"2": 0,
				"3": 0,
				"4": 0,
				"5": 1,
				"6": 0,
				"7": 0,
				"8": 0,
				"9": 0,
				"10": 1,
				"11": 0,
				"12": 0,
				"13": 0,
				"14": 0,
				"15": 1
			},
			"isEnabled": true,
			"isVisible": true,
			"infiniteDistance": false,
			"pickable": true,
			"receiveShadows": false,
			"billboardMode": 0,
			"visibility": 1,
			"checkCollisions": false,
			"isBlocker": false,
			"overrideMaterialSideOrientation": 0,
			"parentId": "3e2136e1-7616-4878-8380-2e0b520d096e",
			"isUnIndexed": false,
			"geometryId": "9bb0dea0-b516-4780-a318-22fb02e47889",
			"subMeshes": null,
			"materialId": "610d3245-9bb0-4250-92a8-89181c39ce15",
			"metadata": {
				"basePoseMatrix": {
					"0": -0.42194095253944397,
					"1": 0,
					"2": 0,
					"3": 0,
					"4": 0,
					"5": 0.42194095253944397,
					"6": 0,
					"7": 0,
					"8": 0,
					"9": 0,
					"10": 0.42194095253944397,
					"11": 0,
					"12": 8.227848052978516,
					"13": -0.3375527262687683,
					"14": 2.1097047328948975,
					"15": 1
				},
				"originalSourceFile": {
					"id": "ROVER_primitive4",
					"name": "ROVER_primitive4",
					"sceneFileName": "SATELLITE/satelite.glb"
				},
				"isPickable": false
			},
			"instances": [],
			"animations": [],
			"ranges": [],
			"layerMask": 268435455,
			"alphaIndex": 1.7976931348623157e+308,
			"hasVertexAlpha": false,
			"overlayAlpha": 0.5,
			"overlayColor": [
				1,
				0,
				0
			],
			"applyFog": true,
			"delayLoadingFile": "geometries/9bb0dea0-b516-4780-a318-22fb02e47889.babylonbinarymeshdata",
			"boundingBoxMaximum": [
				0.6549868583679199,
				1.263895869255066,
				1.214622974395752
			],
			"boundingBoxMinimum": [
				-0.6129239797592163,
				0.6412834525108337,
				-1.08636474609375
			],
			"_binaryInfo": {
				"positionsAttrDesc": {
					"count": 9666,
					"stride": 3,
					"offset": 0,
					"dataType": 1
				},
				"normalsAttrDesc": {
					"count": 9666,
					"stride": 3,
					"offset": 38664,
					"dataType": 1
				},
				"uvsAttrDesc": {
					"count": 6444,
					"stride": 2,
					"offset": 77328,
					"dataType": 1
				},
				"uvs2AttrDesc": {
					"count": 6444,
					"stride": 2,
					"offset": 103104,
					"dataType": 1
				},
				"tangetsAttrDesc": {
					"count": 12888,
					"stride": 3,
					"offset": 128880,
					"dataType": 1
				},
				"indicesAttrDesc": {
					"count": 4887,
					"stride": 1,
					"offset": 180432,
					"dataType": 0
				},
				"subMeshesAttrDesc": {
					"count": 1,
					"stride": 5,
					"offset": 199980,
					"dataType": 0
				}
			},
			"positions": null,
			"normals": null,
			"uvs": null,
			"hasUVs": true,
			"uv2s": null,
			"hasUVs2": true,
			"tangents": null,
			"indices": null
		}
	],
	"multiMaterials": [],
	"lods": []
}