{
	"materials": [],
	"meshes": [
		{
			"name": "ROVER_primitive3",
			"id": "85ed563c-8fd9-4336-899f-7e9740eaa275",
			"uniqueId": 635,
			"type": "Mesh",
			"position": [
				0,
				0,
				0
			],
			"rotation": [
				0,
				0,
				0
			],
			"scaling": [
				1,
				1,
				1
			],
			"localMatrix": {
				"0": 1,
				"1": 0,
				"2": 0,
				"3": 0,
				"4": 0,
				"5": 1,
				"6": 0,
				"7": 0,
				"8": 0,
				"9": 0,
				"10": 1,
				"11": 0,
				"12": 0,
				"13": 0,
				"14": 0,
				"15": 1
			},
			"isEnabled": true,
			"isVisible": true,
			"infiniteDistance": false,
			"pickable": true,
			"receiveShadows": false,
			"billboardMode": 0,
			"visibility": 1,
			"checkCollisions": false,
			"isBlocker": false,
			"overrideMaterialSideOrientation": 0,
			"parentId": "3e2136e1-7616-4878-8380-2e0b520d096e",
			"isUnIndexed": false,
			"geometryId": "1b076072-104b-4771-8751-45e8b3268f4b",
			"subMeshes": null,
			"materialId": "02f8b9b8-91c8-43c8-9640-01638e2ecbb1",
			"metadata": {
				"basePoseMatrix": {
					"0": -0.42194095253944397,
					"1": 0,
					"2": 0,
					"3": 0,
					"4": 0,
					"5": 0.42194095253944397,
					"6": 0,
					"7": 0,
					"8": 0,
					"9": 0,
					"10": 0.42194095253944397,
					"11": 0,
					"12": 8.227848052978516,
					"13": -0.3375527262687683,
					"14": 2.1097047328948975,
					"15": 1
				},
				"originalSourceFile": {
					"id": "ROVER_primitive3",
					"name": "ROVER_primitive3",
					"sceneFileName": "SATELLITE/satelite.glb"
				},
				"isPickable": false
			},
			"instances": [],
			"animations": [],
			"ranges": [],
			"layerMask": 268435455,
			"alphaIndex": 1.7976931348623157e+308,
			"hasVertexAlpha": false,
			"overlayAlpha": 0.5,
			"overlayColor": [
				1,
				0,
				0
			],
			"applyFog": true,
			"delayLoadingFile": "geometries/1b076072-104b-4771-8751-45e8b3268f4b.babylonbinarymeshdata",
			"boundingBoxMaximum": [
				0.773128092288971,
				1.8276989459991455,
				2.1842596530914307
			],
			"boundingBoxMinimum": [
				-0.7646163702011108,
				0.6651012301445007,
				-1.1744022369384766
			],
			"_binaryInfo": {
				"positionsAttrDesc": {
					"count": 13152,
					"stride": 3,
					"offset": 0,
					"dataType": 1
				},
				"normalsAttrDesc": {
					"count": 13152,
					"stride": 3,
					"offset": 52608,
					"dataType": 1
				},
				"uvsAttrDesc": {
					"count": 8768,
					"stride": 2,
					"offset": 105216,
					"dataType": 1
				},
				"uvs2AttrDesc": {
					"count": 8768,
					"stride": 2,
					"offset": 140288,
					"dataType": 1
				},
				"tangetsAttrDesc": {
					"count": 17536,
					"stride": 3,
					"offset": 175360,
					"dataType": 1
				},
				"indicesAttrDesc": {
					"count": 6504,
					"stride": 1,
					"offset": 245504,
					"dataType": 0
				},
				"subMeshesAttrDesc": {
					"count": 1,
					"stride": 5,
					"offset": 271520,
					"dataType": 0
				}
			},
			"positions": null,
			"normals": null,
			"uvs": null,
			"hasUVs": true,
			"uv2s": null,
			"hasUVs2": true,
			"tangents": null,
			"indices": null
		}
	],
	"multiMaterials": [],
	"lods": []
}