{
	"materials": [],
	"meshes": [
		{
			"name": "ROVER_primitive6",
			"id": "895fff5b-000a-4889-a65f-3656d0b6ab6b",
			"uniqueId": 647,
			"type": "Mesh",
			"position": [
				0,
				0,
				0
			],
			"rotation": [
				0,
				0,
				0
			],
			"scaling": [
				1,
				1,
				1
			],
			"localMatrix": {
				"0": 1,
				"1": 0,
				"2": 0,
				"3": 0,
				"4": 0,
				"5": 1,
				"6": 0,
				"7": 0,
				"8": 0,
				"9": 0,
				"10": 1,
				"11": 0,
				"12": 0,
				"13": 0,
				"14": 0,
				"15": 1
			},
			"isEnabled": true,
			"isVisible": true,
			"infiniteDistance": false,
			"pickable": true,
			"receiveShadows": false,
			"billboardMode": 0,
			"visibility": 1,
			"checkCollisions": false,
			"isBlocker": false,
			"overrideMaterialSideOrientation": 0,
			"parentId": "3e2136e1-7616-4878-8380-2e0b520d096e",
			"isUnIndexed": false,
			"geometryId": "4d34beb9-6f67-4e02-bb3a-2d4498d04d11",
			"subMeshes": null,
			"materialId": "7029d33d-64ec-4b2a-96b5-cce4786c164c",
			"metadata": {
				"basePoseMatrix": {
					"0": -0.42194095253944397,
					"1": 0,
					"2": 0,
					"3": 0,
					"4": 0,
					"5": 0.42194095253944397,
					"6": 0,
					"7": 0,
					"8": 0,
					"9": 0,
					"10": 0.42194095253944397,
					"11": 0,
					"12": 8.227848052978516,
					"13": -0.3375527262687683,
					"14": 2.1097047328948975,
					"15": 1
				},
				"originalSourceFile": {
					"id": "ROVER_primitive6",
					"name": "ROVER_primitive6",
					"sceneFileName": "SATELLITE/satelite.glb"
				},
				"isPickable": false
			},
			"instances": [],
			"animations": [],
			"ranges": [],
			"layerMask": 268435455,
			"alphaIndex": 1.7976931348623157e+308,
			"hasVertexAlpha": false,
			"overlayAlpha": 0.5,
			"overlayColor": [
				1,
				0,
				0
			],
			"applyFog": true,
			"delayLoadingFile": "geometries/4d34beb9-6f67-4e02-bb3a-2d4498d04d11.babylonbinarymeshdata",
			"boundingBoxMaximum": [
				1.0563721656799316,
				0.9110846519470215,
				0.954505443572998
			],
			"boundingBoxMinimum": [
				-1.0478606224060059,
				0.46476954221725464,
				-0.9956252574920654
			],
			"_binaryInfo": {
				"positionsAttrDesc": {
					"count": 204,
					"stride": 3,
					"offset": 0,
					"dataType": 1
				},
				"normalsAttrDesc": {
					"count": 204,
					"stride": 3,
					"offset": 816,
					"dataType": 1
				},
				"uvsAttrDesc": {
					"count": 136,
					"stride": 2,
					"offset": 1632,
					"dataType": 1
				},
				"uvs2AttrDesc": {
					"count": 136,
					"stride": 2,
					"offset": 2176,
					"dataType": 1
				},
				"tangetsAttrDesc": {
					"count": 272,
					"stride": 3,
					"offset": 2720,
					"dataType": 1
				},
				"indicesAttrDesc": {
					"count": 156,
					"stride": 1,
					"offset": 3808,
					"dataType": 0
				},
				"subMeshesAttrDesc": {
					"count": 1,
					"stride": 5,
					"offset": 4432,
					"dataType": 0
				}
			},
			"positions": null,
			"normals": null,
			"uvs": null,
			"hasUVs": true,
			"uv2s": null,
			"hasUVs2": true,
			"tangents": null,
			"indices": null
		}
	],
	"multiMaterials": [],
	"lods": []
}