{
	"materials": [],
	"meshes": [
		{
			"name": "Vikram_lander_Box005",
			"id": "aa6a1204-7b09-40c1-b33e-240b9d1005b7",
			"uniqueId": 834,
			"type": "Mesh",
			"position": [
				-21.5,
				3.70004559,
				-20.480999
			],
			"rotationQuaternion": [
				0.707106829,
				0,
				0,
				0.707106829
			],
			"scaling": [
				1,
				1,
				1
			],
			"localMatrix": {
				"0": 1,
				"1": 0,
				"2": 0,
				"3": 0,
				"4": 0,
				"5": 1,
				"6": 0,
				"7": 0,
				"8": 0,
				"9": 0,
				"10": 1,
				"11": 0,
				"12": 0,
				"13": 0,
				"14": 0,
				"15": 1
			},
			"isEnabled": true,
			"isVisible": true,
			"infiniteDistance": false,
			"pickable": true,
			"receiveShadows": false,
			"billboardMode": 0,
			"visibility": 1,
			"checkCollisions": false,
			"isBlocker": false,
			"overrideMaterialSideOrientation": 0,
			"parentId": "0a6b7be4-2db0-4d3e-8950-feeb9d902670",
			"isUnIndexed": false,
			"geometryId": "0ce21e0b-de16-4b38-99de-0649a0c183da",
			"subMeshes": null,
			"materialId": "1be0cdb6-c2d5-4bd2-a6bc-55f50e24d0b3",
			"metadata": {
				"basePoseMatrix": {
					"0": -1,
					"1": 0,
					"2": 0,
					"3": 0,
					"4": 0,
					"5": -1.3523684572191996e-7,
					"6": -0.9999998807907104,
					"7": 0,
					"8": 0,
					"9": 0.9999998807907104,
					"10": -1.3523684572191996e-7,
					"11": 0,
					"12": 21.5,
					"13": 20.48099708557129,
					"14": 3.700042486190796,
					"15": 1
				},
				"originalSourceFile": {
					"id": "Vikram_lander_Box005",
					"name": "Vikram_lander_Box005",
					"sceneFileName": "SATELLITE/satelite.glb"
				},
				"isPickable": false
			},
			"instances": [],
			"animations": [],
			"ranges": [],
			"layerMask": 268435455,
			"alphaIndex": 1.7976931348623157e+308,
			"hasVertexAlpha": false,
			"overlayAlpha": 0.5,
			"overlayColor": [
				1,
				0,
				0
			],
			"applyFog": true,
			"delayLoadingFile": "geometries/0ce21e0b-de16-4b38-99de-0649a0c183da.babylonbinarymeshdata",
			"boundingBoxMaximum": [
				-0.7162809371948242,
				0.240446999669075,
				-0.010881999507546425
			],
			"boundingBoxMinimum": [
				-0.7377499938011169,
				0.20280198752880096,
				-0.7390309572219849
			],
			"_binaryInfo": {
				"positionsAttrDesc": {
					"count": 120,
					"stride": 3,
					"offset": 0,
					"dataType": 1
				},
				"normalsAttrDesc": {
					"count": 120,
					"stride": 3,
					"offset": 480,
					"dataType": 1
				},
				"uvsAttrDesc": {
					"count": 80,
					"stride": 2,
					"offset": 960,
					"dataType": 1
				},
				"uvs2AttrDesc": {
					"count": 80,
					"stride": 2,
					"offset": 1280,
					"dataType": 1
				},
				"tangetsAttrDesc": {
					"count": 160,
					"stride": 3,
					"offset": 1600,
					"dataType": 1
				},
				"indicesAttrDesc": {
					"count": 60,
					"stride": 1,
					"offset": 2240,
					"dataType": 0
				},
				"subMeshesAttrDesc": {
					"count": 1,
					"stride": 5,
					"offset": 2480,
					"dataType": 0
				}
			},
			"positions": null,
			"normals": null,
			"uvs": null,
			"hasUVs": true,
			"uv2s": null,
			"hasUVs2": true,
			"tangents": null,
			"indices": null
		}
	],
	"multiMaterials": [],
	"lods": []
}