{
	"materials": [],
	"meshes": [
		{
			"name": "Vikram_lander_Box008",
			"id": "ad0664a0-9c72-4869-ad1c-ab85f6cdc0a4",
			"uniqueId": 843,
			"type": "Mesh",
			"position": [
				-21.5,
				3.70004559,
				-20.480999
			],
			"rotationQuaternion": [
				0.707106829,
				0,
				0,
				0.707106829
			],
			"scaling": [
				1,
				1,
				1
			],
			"localMatrix": {
				"0": 1,
				"1": 0,
				"2": 0,
				"3": 0,
				"4": 0,
				"5": 1,
				"6": 0,
				"7": 0,
				"8": 0,
				"9": 0,
				"10": 1,
				"11": 0,
				"12": 0,
				"13": 0,
				"14": 0,
				"15": 1
			},
			"isEnabled": true,
			"isVisible": true,
			"infiniteDistance": false,
			"pickable": true,
			"receiveShadows": false,
			"billboardMode": 0,
			"visibility": 1,
			"checkCollisions": false,
			"isBlocker": false,
			"overrideMaterialSideOrientation": 0,
			"parentId": "0a6b7be4-2db0-4d3e-8950-feeb9d902670",
			"isUnIndexed": false,
			"geometryId": "0c5abb7a-0179-4a78-9767-8e5b9f34b49a",
			"subMeshes": null,
			"materialId": "f71a4f49-85f7-45ea-84ef-bbd11a3020ab",
			"metadata": {
				"basePoseMatrix": {
					"0": -1,
					"1": 0,
					"2": 0,
					"3": 0,
					"4": 0,
					"5": -1.3523684572191996e-7,
					"6": -0.9999998807907104,
					"7": 0,
					"8": 0,
					"9": 0.9999998807907104,
					"10": -1.3523684572191996e-7,
					"11": 0,
					"12": 21.5,
					"13": 20.48099708557129,
					"14": 3.700042486190796,
					"15": 1
				},
				"originalSourceFile": {
					"id": "Vikram_lander_Box008",
					"name": "Vikram_lander_Box008",
					"sceneFileName": "SATELLITE/satelite.glb"
				},
				"isPickable": false
			},
			"instances": [],
			"animations": [],
			"ranges": [],
			"layerMask": 268435455,
			"alphaIndex": 1.7976931348623157e+308,
			"hasVertexAlpha": false,
			"overlayAlpha": 0.5,
			"overlayColor": [
				1,
				0,
				0
			],
			"applyFog": true,
			"delayLoadingFile": "geometries/0c5abb7a-0179-4a78-9767-8e5b9f34b49a.babylonbinarymeshdata",
			"boundingBoxMaximum": [
				-0.6945509910583496,
				-0.12476400285959244,
				-0.36393100023269653
			],
			"boundingBoxMinimum": [
				-0.7063120007514954,
				-0.21894599497318268,
				-0.519245982170105
			],
			"_binaryInfo": {
				"positionsAttrDesc": {
					"count": 294,
					"stride": 3,
					"offset": 0,
					"dataType": 1
				},
				"normalsAttrDesc": {
					"count": 294,
					"stride": 3,
					"offset": 1176,
					"dataType": 1
				},
				"uvsAttrDesc": {
					"count": 196,
					"stride": 2,
					"offset": 2352,
					"dataType": 1
				},
				"uvs2AttrDesc": {
					"count": 196,
					"stride": 2,
					"offset": 3136,
					"dataType": 1
				},
				"tangetsAttrDesc": {
					"count": 392,
					"stride": 3,
					"offset": 3920,
					"dataType": 1
				},
				"indicesAttrDesc": {
					"count": 192,
					"stride": 1,
					"offset": 5488,
					"dataType": 0
				},
				"subMeshesAttrDesc": {
					"count": 1,
					"stride": 5,
					"offset": 6256,
					"dataType": 0
				}
			},
			"positions": null,
			"normals": null,
			"uvs": null,
			"hasUVs": true,
			"uv2s": null,
			"hasUVs2": true,
			"tangents": null,
			"indices": null
		}
	],
	"multiMaterials": [],
	"lods": []
}