{
	"materials": [],
	"meshes": [
		{
			"name": "Vikram_lander_Cylinder026",
			"id": "bdc20a89-a3ae-4eb6-bfac-3b5413113c94",
			"uniqueId": 908,
			"type": "Mesh",
			"position": [
				-21.5,
				3.70004559,
				-20.480999
			],
			"rotationQuaternion": [
				0.707106829,
				0,
				0,
				0.707106829
			],
			"scaling": [
				1,
				1,
				1
			],
			"localMatrix": {
				"0": 1,
				"1": 0,
				"2": 0,
				"3": 0,
				"4": 0,
				"5": 1,
				"6": 0,
				"7": 0,
				"8": 0,
				"9": 0,
				"10": 1,
				"11": 0,
				"12": 0,
				"13": 0,
				"14": 0,
				"15": 1
			},
			"isEnabled": true,
			"isVisible": true,
			"infiniteDistance": false,
			"pickable": true,
			"receiveShadows": false,
			"billboardMode": 0,
			"visibility": 1,
			"checkCollisions": false,
			"isBlocker": false,
			"overrideMaterialSideOrientation": 0,
			"parentId": "0a6b7be4-2db0-4d3e-8950-feeb9d902670",
			"isUnIndexed": false,
			"geometryId": "53c08a06-a5aa-4d39-84d8-c72dd9ceec49",
			"subMeshes": null,
			"materialId": "86fbd996-864e-4244-b772-26feed8c6e89",
			"metadata": {
				"basePoseMatrix": {
					"0": -1,
					"1": 0,
					"2": 0,
					"3": 0,
					"4": 0,
					"5": -1.3523684572191996e-7,
					"6": -0.9999998807907104,
					"7": 0,
					"8": 0,
					"9": 0.9999998807907104,
					"10": -1.3523684572191996e-7,
					"11": 0,
					"12": 21.5,
					"13": 20.48099708557129,
					"14": 3.700042486190796,
					"15": 1
				},
				"originalSourceFile": {
					"id": "Vikram_lander_Cylinder026",
					"name": "Vikram_lander_Cylinder026",
					"sceneFileName": "SATELLITE/satelite.glb"
				},
				"isPickable": false
			},
			"instances": [],
			"animations": [],
			"ranges": [],
			"layerMask": 268435455,
			"alphaIndex": 1.7976931348623157e+308,
			"hasVertexAlpha": false,
			"overlayAlpha": 0.5,
			"overlayColor": [
				1,
				0,
				0
			],
			"applyFog": true,
			"delayLoadingFile": "geometries/53c08a06-a5aa-4d39-84d8-c72dd9ceec49.babylonbinarymeshdata",
			"boundingBoxMaximum": [
				-0.5380649566650391,
				0.5716590285301208,
				-0.7539169788360596
			],
			"boundingBoxMinimum": [
				-0.6809059977531433,
				0.43098798394203186,
				-0.9683359861373901
			],
			"_binaryInfo": {
				"positionsAttrDesc": {
					"count": 1356,
					"stride": 3,
					"offset": 0,
					"dataType": 1
				},
				"normalsAttrDesc": {
					"count": 1356,
					"stride": 3,
					"offset": 5424,
					"dataType": 1
				},
				"uvsAttrDesc": {
					"count": 904,
					"stride": 2,
					"offset": 10848,
					"dataType": 1
				},
				"uvs2AttrDesc": {
					"count": 904,
					"stride": 2,
					"offset": 14464,
					"dataType": 1
				},
				"tangetsAttrDesc": {
					"count": 1808,
					"stride": 3,
					"offset": 18080,
					"dataType": 1
				},
				"indicesAttrDesc": {
					"count": 1284,
					"stride": 1,
					"offset": 25312,
					"dataType": 0
				},
				"subMeshesAttrDesc": {
					"count": 1,
					"stride": 5,
					"offset": 30448,
					"dataType": 0
				}
			},
			"positions": null,
			"normals": null,
			"uvs": null,
			"hasUVs": true,
			"uv2s": null,
			"hasUVs2": true,
			"tangents": null,
			"indices": null
		}
	],
	"multiMaterials": [],
	"lods": []
}