{
	"materials": [],
	"meshes": [
		{
			"name": "Vikram_lander_Cylinder010",
			"id": "503a129e-8576-4074-a752-ea00e7edf090",
			"uniqueId": 869,
			"type": "Mesh",
			"position": [
				-21.5,
				3.70004559,
				-20.480999
			],
			"rotationQuaternion": [
				0.707106829,
				0,
				0,
				0.707106829
			],
			"scaling": [
				1,
				1,
				1
			],
			"localMatrix": {
				"0": 1,
				"1": 0,
				"2": 0,
				"3": 0,
				"4": 0,
				"5": 1,
				"6": 0,
				"7": 0,
				"8": 0,
				"9": 0,
				"10": 1,
				"11": 0,
				"12": 0,
				"13": 0,
				"14": 0,
				"15": 1
			},
			"isEnabled": true,
			"isVisible": true,
			"infiniteDistance": false,
			"pickable": true,
			"receiveShadows": false,
			"billboardMode": 0,
			"visibility": 1,
			"checkCollisions": false,
			"isBlocker": false,
			"overrideMaterialSideOrientation": 0,
			"parentId": "0a6b7be4-2db0-4d3e-8950-feeb9d902670",
			"isUnIndexed": false,
			"geometryId": "9827dfed-8c91-4cb7-8dfc-0ede8179341f",
			"subMeshes": null,
			"materialId": "7829d913-c243-4224-ae7f-e7e487763580",
			"metadata": {
				"basePoseMatrix": {
					"0": -1,
					"1": 0,
					"2": 0,
					"3": 0,
					"4": 0,
					"5": -1.3523684572191996e-7,
					"6": -0.9999998807907104,
					"7": 0,
					"8": 0,
					"9": 0.9999998807907104,
					"10": -1.3523684572191996e-7,
					"11": 0,
					"12": 21.5,
					"13": 20.48099708557129,
					"14": 3.700042486190796,
					"15": 1
				},
				"originalSourceFile": {
					"id": "Vikram_lander_Cylinder010",
					"name": "Vikram_lander_Cylinder010",
					"sceneFileName": "SATELLITE/satelite.glb"
				},
				"isPickable": false
			},
			"instances": [],
			"animations": [],
			"ranges": [],
			"layerMask": 268435455,
			"alphaIndex": 1.7976931348623157e+308,
			"hasVertexAlpha": false,
			"overlayAlpha": 0.5,
			"overlayColor": [
				1,
				0,
				0
			],
			"applyFog": true,
			"delayLoadingFile": "geometries/9827dfed-8c91-4cb7-8dfc-0ede8179341f.babylonbinarymeshdata",
			"boundingBoxMaximum": [
				0.48965299129486084,
				-0.20856398344039917,
				0.4359380006790161
			],
			"boundingBoxMinimum": [
				0.23038999736309052,
				-0.463888019323349,
				0.004815999884158373
			],
			"_binaryInfo": {
				"positionsAttrDesc": {
					"count": 1194,
					"stride": 3,
					"offset": 0,
					"dataType": 1
				},
				"normalsAttrDesc": {
					"count": 1194,
					"stride": 3,
					"offset": 4776,
					"dataType": 1
				},
				"uvsAttrDesc": {
					"count": 796,
					"stride": 2,
					"offset": 9552,
					"dataType": 1
				},
				"uvs2AttrDesc": {
					"count": 796,
					"stride": 2,
					"offset": 12736,
					"dataType": 1
				},
				"tangetsAttrDesc": {
					"count": 1592,
					"stride": 3,
					"offset": 15920,
					"dataType": 1
				},
				"indicesAttrDesc": {
					"count": 804,
					"stride": 1,
					"offset": 22288,
					"dataType": 0
				},
				"subMeshesAttrDesc": {
					"count": 1,
					"stride": 5,
					"offset": 25504,
					"dataType": 0
				}
			},
			"positions": null,
			"normals": null,
			"uvs": null,
			"hasUVs": true,
			"uv2s": null,
			"hasUVs2": true,
			"tangents": null,
			"indices": null
		}
	],
	"multiMaterials": [],
	"lods": []
}