{
	"materials": [],
	"meshes": [
		{
			"name": "Vikram_lander_Cylinder006",
			"id": "e8cb5916-9c93-43cd-8f12-7c126722e1a2",
			"uniqueId": 860,
			"type": "Mesh",
			"position": [
				-21.5,
				3.70004559,
				-20.480999
			],
			"rotationQuaternion": [
				0.707106829,
				0,
				0,
				0.707106829
			],
			"scaling": [
				1,
				1,
				1
			],
			"localMatrix": {
				"0": 1,
				"1": 0,
				"2": 0,
				"3": 0,
				"4": 0,
				"5": 1,
				"6": 0,
				"7": 0,
				"8": 0,
				"9": 0,
				"10": 1,
				"11": 0,
				"12": 0,
				"13": 0,
				"14": 0,
				"15": 1
			},
			"isEnabled": true,
			"isVisible": true,
			"infiniteDistance": false,
			"pickable": true,
			"receiveShadows": false,
			"billboardMode": 0,
			"visibility": 1,
			"checkCollisions": false,
			"isBlocker": false,
			"overrideMaterialSideOrientation": 0,
			"parentId": "0a6b7be4-2db0-4d3e-8950-feeb9d902670",
			"isUnIndexed": false,
			"geometryId": "8ba8ebd0-bd2a-40f1-bd99-c017b317b6b6",
			"subMeshes": null,
			"materialId": "5933d702-22b5-448e-ab74-24030d5c7e69",
			"metadata": {
				"basePoseMatrix": {
					"0": -1,
					"1": 0,
					"2": 0,
					"3": 0,
					"4": 0,
					"5": -1.3523684572191996e-7,
					"6": -0.9999998807907104,
					"7": 0,
					"8": 0,
					"9": 0.9999998807907104,
					"10": -1.3523684572191996e-7,
					"11": 0,
					"12": 21.5,
					"13": 20.48099708557129,
					"14": 3.700042486190796,
					"15": 1
				},
				"originalSourceFile": {
					"id": "Vikram_lander_Cylinder006",
					"name": "Vikram_lander_Cylinder006",
					"sceneFileName": "SATELLITE/satelite.glb"
				},
				"isPickable": false
			},
			"instances": [],
			"animations": [],
			"ranges": [],
			"layerMask": 268435455,
			"alphaIndex": 1.7976931348623157e+308,
			"hasVertexAlpha": false,
			"overlayAlpha": 0.5,
			"overlayColor": [
				1,
				0,
				0
			],
			"applyFog": true,
			"delayLoadingFile": "geometries/8ba8ebd0-bd2a-40f1-bd99-c017b317b6b6.babylonbinarymeshdata",
			"boundingBoxMaximum": [
				0.5800129771232605,
				0.18951699137687683,
				-1.5335650444030762
			],
			"boundingBoxMinimum": [
				0.5479719638824463,
				0.15796299278736115,
				-1.6366089582443237
			],
			"_binaryInfo": {
				"positionsAttrDesc": {
					"count": 234,
					"stride": 3,
					"offset": 0,
					"dataType": 1
				},
				"normalsAttrDesc": {
					"count": 234,
					"stride": 3,
					"offset": 936,
					"dataType": 1
				},
				"uvsAttrDesc": {
					"count": 156,
					"stride": 2,
					"offset": 1872,
					"dataType": 1
				},
				"uvs2AttrDesc": {
					"count": 156,
					"stride": 2,
					"offset": 2496,
					"dataType": 1
				},
				"tangetsAttrDesc": {
					"count": 312,
					"stride": 3,
					"offset": 3120,
					"dataType": 1
				},
				"indicesAttrDesc": {
					"count": 216,
					"stride": 1,
					"offset": 4368,
					"dataType": 0
				},
				"subMeshesAttrDesc": {
					"count": 1,
					"stride": 5,
					"offset": 5232,
					"dataType": 0
				}
			},
			"positions": null,
			"normals": null,
			"uvs": null,
			"hasUVs": true,
			"uv2s": null,
			"hasUVs2": true,
			"tangents": null,
			"indices": null
		}
	],
	"multiMaterials": [],
	"lods": []
}