{
	"materials": [],
	"meshes": [
		{
			"name": "Vikram_lander_Cylinder015",
			"id": "0b59a1d9-6887-41f7-b616-d1e016d5af02",
			"uniqueId": 884,
			"type": "Mesh",
			"position": [
				-21.5,
				3.70004559,
				-20.480999
			],
			"rotationQuaternion": [
				0.707106829,
				0,
				0,
				0.707106829
			],
			"scaling": [
				1,
				1,
				1
			],
			"localMatrix": {
				"0": 1,
				"1": 0,
				"2": 0,
				"3": 0,
				"4": 0,
				"5": 1,
				"6": 0,
				"7": 0,
				"8": 0,
				"9": 0,
				"10": 1,
				"11": 0,
				"12": 0,
				"13": 0,
				"14": 0,
				"15": 1
			},
			"isEnabled": true,
			"isVisible": true,
			"infiniteDistance": false,
			"pickable": true,
			"receiveShadows": false,
			"billboardMode": 0,
			"visibility": 1,
			"checkCollisions": false,
			"isBlocker": false,
			"overrideMaterialSideOrientation": 0,
			"parentId": "0a6b7be4-2db0-4d3e-8950-feeb9d902670",
			"isUnIndexed": false,
			"geometryId": "52bb5e10-1919-4a27-8427-b1642192d968",
			"subMeshes": null,
			"materialId": "667f4c5a-6f6a-46f3-941a-0437d527313b",
			"metadata": {
				"basePoseMatrix": {
					"0": -1,
					"1": 0,
					"2": 0,
					"3": 0,
					"4": 0,
					"5": -1.3523684572191996e-7,
					"6": -0.9999998807907104,
					"7": 0,
					"8": 0,
					"9": 0.9999998807907104,
					"10": -1.3523684572191996e-7,
					"11": 0,
					"12": 21.5,
					"13": 20.48099708557129,
					"14": 3.700042486190796,
					"15": 1
				},
				"originalSourceFile": {
					"id": "Vikram_lander_Cylinder015",
					"name": "Vikram_lander_Cylinder015",
					"sceneFileName": "SATELLITE/satelite.glb"
				},
				"isPickable": false
			},
			"instances": [],
			"animations": [],
			"ranges": [],
			"layerMask": 268435455,
			"alphaIndex": 1.7976931348623157e+308,
			"hasVertexAlpha": false,
			"overlayAlpha": 0.5,
			"overlayColor": [
				1,
				0,
				0
			],
			"applyFog": true,
			"delayLoadingFile": "geometries/52bb5e10-1919-4a27-8427-b1642192d968.babylonbinarymeshdata",
			"boundingBoxMaximum": [
				0.6750620007514954,
				0.882207989692688,
				0.4386799931526184
			],
			"boundingBoxMinimum": [
				0.4064770042896271,
				0.43300098180770874,
				0.054754000157117844
			],
			"_binaryInfo": {
				"positionsAttrDesc": {
					"count": 438,
					"stride": 3,
					"offset": 0,
					"dataType": 1
				},
				"normalsAttrDesc": {
					"count": 438,
					"stride": 3,
					"offset": 1752,
					"dataType": 1
				},
				"uvsAttrDesc": {
					"count": 292,
					"stride": 2,
					"offset": 3504,
					"dataType": 1
				},
				"uvs2AttrDesc": {
					"count": 292,
					"stride": 2,
					"offset": 4672,
					"dataType": 1
				},
				"tangetsAttrDesc": {
					"count": 584,
					"stride": 3,
					"offset": 5840,
					"dataType": 1
				},
				"indicesAttrDesc": {
					"count": 312,
					"stride": 1,
					"offset": 8176,
					"dataType": 0
				},
				"subMeshesAttrDesc": {
					"count": 1,
					"stride": 5,
					"offset": 9424,
					"dataType": 0
				}
			},
			"positions": null,
			"normals": null,
			"uvs": null,
			"hasUVs": true,
			"uv2s": null,
			"hasUVs2": true,
			"tangents": null,
			"indices": null
		}
	],
	"multiMaterials": [],
	"lods": []
}