{
	"materials": [],
	"meshes": [
		{
			"name": "Vikram_lander_Solar_panel001",
			"id": "07cd7006-8a9f-4bf3-ae33-5e696580f3ab",
			"uniqueId": 952,
			"type": "Mesh",
			"position": [
				-21.5,
				3.70004559,
				-20.480999
			],
			"rotationQuaternion": [
				0.707106829,
				0,
				0,
				0.707106829
			],
			"scaling": [
				1,
				1,
				1
			],
			"localMatrix": {
				"0": 1,
				"1": 0,
				"2": 0,
				"3": 0,
				"4": 0,
				"5": 1,
				"6": 0,
				"7": 0,
				"8": 0,
				"9": 0,
				"10": 1,
				"11": 0,
				"12": 0,
				"13": 0,
				"14": 0,
				"15": 1
			},
			"isEnabled": true,
			"isVisible": true,
			"infiniteDistance": false,
			"pickable": true,
			"receiveShadows": false,
			"billboardMode": 0,
			"visibility": 1,
			"checkCollisions": false,
			"isBlocker": false,
			"overrideMaterialSideOrientation": 0,
			"parentId": "0a6b7be4-2db0-4d3e-8950-feeb9d902670",
			"isUnIndexed": false,
			"geometryId": "989cb75a-e35d-4dfb-943a-0867163659c5",
			"subMeshes": null,
			"materialId": "8fe855c9-f3e8-4319-892d-59687cd78cd1",
			"metadata": {
				"basePoseMatrix": {
					"0": -1,
					"1": 0,
					"2": 0,
					"3": 0,
					"4": 0,
					"5": -1.3523684572191996e-7,
					"6": -0.9999998807907104,
					"7": 0,
					"8": 0,
					"9": 0.9999998807907104,
					"10": -1.3523684572191996e-7,
					"11": 0,
					"12": 21.5,
					"13": 20.48099708557129,
					"14": 3.700042486190796,
					"15": 1
				},
				"originalSourceFile": {
					"id": "Vikram_lander_Solar_panel001",
					"name": "Vikram_lander_Solar_panel001",
					"sceneFileName": "SATELLITE/satelite.glb"
				},
				"isPickable": false,
				"script": {
					"name": "None"
				},
				"renderingGroupId": 0
			},
			"instances": [],
			"animations": [],
			"ranges": [],
			"layerMask": 268435455,
			"alphaIndex": 1.7976931348623157e+308,
			"hasVertexAlpha": false,
			"overlayAlpha": 0.3,
			"overlayColor": [
				1,
				0,
				0
			],
			"applyFog": true,
			"delayLoadingFile": "geometries/989cb75a-e35d-4dfb-943a-0867163659c5.babylonbinarymeshdata",
			"boundingBoxMaximum": [
				0.8503849506378174,
				-0.5083860158920288,
				0.10471899807453156
			],
			"boundingBoxMinimum": [
				-0.6935959458351135,
				-0.6831649541854858,
				-0.6472070217132568
			],
			"_binaryInfo": {
				"positionsAttrDesc": {
					"count": 12,
					"stride": 3,
					"offset": 0,
					"dataType": 1
				},
				"normalsAttrDesc": {
					"count": 12,
					"stride": 3,
					"offset": 48,
					"dataType": 1
				},
				"uvsAttrDesc": {
					"count": 8,
					"stride": 2,
					"offset": 96,
					"dataType": 1
				},
				"uvs2AttrDesc": {
					"count": 8,
					"stride": 2,
					"offset": 128,
					"dataType": 1
				},
				"tangetsAttrDesc": {
					"count": 16,
					"stride": 3,
					"offset": 160,
					"dataType": 1
				},
				"indicesAttrDesc": {
					"count": 6,
					"stride": 1,
					"offset": 224,
					"dataType": 0
				},
				"subMeshesAttrDesc": {
					"count": 1,
					"stride": 5,
					"offset": 248,
					"dataType": 0
				}
			},
			"positions": null,
			"normals": null,
			"uvs": null,
			"hasUVs": true,
			"uv2s": null,
			"hasUVs2": true,
			"tangents": null,
			"indices": null
		}
	],
	"multiMaterials": [],
	"lods": []
}