{
	"materials": [],
	"meshes": [
		{
			"name": "Vikram_lander_Cylinder024",
			"id": "01060081-19c9-49f2-b7f3-ece480dcf7ff",
			"uniqueId": 902,
			"type": "Mesh",
			"position": [
				-21.5,
				3.70004559,
				-20.480999
			],
			"rotationQuaternion": [
				0.707106829,
				0,
				0,
				0.707106829
			],
			"scaling": [
				1,
				1,
				1
			],
			"localMatrix": {
				"0": 1,
				"1": 0,
				"2": 0,
				"3": 0,
				"4": 0,
				"5": 1,
				"6": 0,
				"7": 0,
				"8": 0,
				"9": 0,
				"10": 1,
				"11": 0,
				"12": 0,
				"13": 0,
				"14": 0,
				"15": 1
			},
			"isEnabled": true,
			"isVisible": true,
			"infiniteDistance": false,
			"pickable": true,
			"receiveShadows": false,
			"billboardMode": 0,
			"visibility": 1,
			"checkCollisions": false,
			"isBlocker": false,
			"overrideMaterialSideOrientation": 0,
			"parentId": "0a6b7be4-2db0-4d3e-8950-feeb9d902670",
			"isUnIndexed": false,
			"geometryId": "b3588021-43b9-41e9-b88c-d7d7fbf61809",
			"subMeshes": null,
			"materialId": "ed739d7f-d72d-4f12-b053-cbe36e767702",
			"metadata": {
				"basePoseMatrix": {
					"0": -1,
					"1": 0,
					"2": 0,
					"3": 0,
					"4": 0,
					"5": -1.3523684572191996e-7,
					"6": -0.9999998807907104,
					"7": 0,
					"8": 0,
					"9": 0.9999998807907104,
					"10": -1.3523684572191996e-7,
					"11": 0,
					"12": 21.5,
					"13": 20.48099708557129,
					"14": 3.700042486190796,
					"15": 1
				},
				"originalSourceFile": {
					"id": "Vikram_lander_Cylinder024",
					"name": "Vikram_lander_Cylinder024",
					"sceneFileName": "SATELLITE/satelite.glb"
				},
				"isPickable": false
			},
			"instances": [],
			"animations": [],
			"ranges": [],
			"layerMask": 268435455,
			"alphaIndex": 1.7976931348623157e+308,
			"hasVertexAlpha": false,
			"overlayAlpha": 0.5,
			"overlayColor": [
				1,
				0,
				0
			],
			"applyFog": true,
			"delayLoadingFile": "geometries/b3588021-43b9-41e9-b88c-d7d7fbf61809.babylonbinarymeshdata",
			"boundingBoxMaximum": [
				-0.3779999911785126,
				-0.24476100504398346,
				0.4422670006752014
			],
			"boundingBoxMinimum": [
				-0.6157159805297852,
				-0.6939679384231567,
				0.039767999202013016
			],
			"_binaryInfo": {
				"positionsAttrDesc": {
					"count": 438,
					"stride": 3,
					"offset": 0,
					"dataType": 1
				},
				"normalsAttrDesc": {
					"count": 438,
					"stride": 3,
					"offset": 1752,
					"dataType": 1
				},
				"uvsAttrDesc": {
					"count": 292,
					"stride": 2,
					"offset": 3504,
					"dataType": 1
				},
				"uvs2AttrDesc": {
					"count": 292,
					"stride": 2,
					"offset": 4672,
					"dataType": 1
				},
				"tangetsAttrDesc": {
					"count": 584,
					"stride": 3,
					"offset": 5840,
					"dataType": 1
				},
				"indicesAttrDesc": {
					"count": 312,
					"stride": 1,
					"offset": 8176,
					"dataType": 0
				},
				"subMeshesAttrDesc": {
					"count": 1,
					"stride": 5,
					"offset": 9424,
					"dataType": 0
				}
			},
			"positions": null,
			"normals": null,
			"uvs": null,
			"hasUVs": true,
			"uv2s": null,
			"hasUVs2": true,
			"tangents": null,
			"indices": null
		}
	],
	"multiMaterials": [],
	"lods": []
}