{
	"tags": null,
	"position": [
		-0.978151798248291,
		9.776124954223633,
		2.358745574951172
	],
	"rotation": [
		0,
		0,
		0
	],
	"rotationQuaternion": [
		-0.7452459351696664,
		0.028903086182430517,
		-0.025816582237056802,
		0.6656625250751638
	],
	"scaling": [
		0.18908461312897734,
		0.23951604836998644,
		0.1947795033977779
	],
	"billboardMode": 0,
	"scalingDeterminant": 1,
	"infiniteDistance": false,
	"ignoreNonUniformScaling": false,
	"reIntegrateRotationIntoRotationQuaternion": false,
	"name": "Circle009",
	"id": "d2323e3b-c713-4cd8-8b61-b0158a9418d8",
	"state": "",
	"metadata": {
		"script": {
			"name": "None"
		}
	},
	"type": "TransformNode",
	"uniqueId": 113,
	"parentId": "19e05be4-8993-4d08-8ee3-4fce900ac426",
	"localMatrix": {
		"0": 1,
		"1": 0,
		"2": 0,
		"3": 0,
		"4": 0,
		"5": 1,
		"6": 0,
		"7": 0,
		"8": 0,
		"9": 0,
		"10": 1,
		"11": 0,
		"12": 0,
		"13": 0,
		"14": 0,
		"15": 1
	},
	"isEnabled": true
}