{
	"tags": null,
	"position": [
		-1.0763740539550781,
		7.895817279815674,
		2.3060874938964844
	],
	"rotation": [
		0,
		0,
		0
	],
	"rotationQuaternion": [
		-0.741766772790248,
		0.03210668620552893,
		-0.035601881943943245,
		0.6689422259294346
	],
	"scaling": [
		0.18908462335044302,
		0.23951604424267123,
		0.1947794940580965
	],
	"billboardMode": 0,
	"scalingDeterminant": 1,
	"infiniteDistance": false,
	"ignoreNonUniformScaling": false,
	"reIntegrateRotationIntoRotationQuaternion": false,
	"name": "Circle012",
	"id": "e4a53641-a097-4ce3-afeb-58add568ef2b",
	"state": "",
	"metadata": {},
	"type": "TransformNode",
	"uniqueId": 122,
	"parentId": "19e05be4-8993-4d08-8ee3-4fce900ac426",
	"localMatrix": {
		"0": 1,
		"1": 0,
		"2": 0,
		"3": 0,
		"4": 0,
		"5": 1,
		"6": 0,
		"7": 0,
		"8": 0,
		"9": 0,
		"10": 1,
		"11": 0,
		"12": 0,
		"13": 0,
		"14": 0,
		"15": 1
	},
	"isEnabled": true
}