{
	"tags": null,
	"position": [
		-0.4813587963581085,
		11.091808319091797,
		11.798835754394531
	],
	"rotation": [
		0,
		0,
		0
	],
	"rotationQuaternion": [
		-0.7071067811865475,
		0,
		0,
		0.7071067811865476
	],
	"scaling": [
		1,
		1,
		1
	],
	"billboardMode": 0,
	"scalingDeterminant": 1,
	"infiniteDistance": false,
	"ignoreNonUniformScaling": false,
	"reIntegrateRotationIntoRotationQuaternion": false,
	"name": "mercurio",
	"id": "ba4eaf9e-033b-40a5-803f-9251261fd7cb",
	"state": "",
	"metadata": {},
	"type": "TransformNode",
	"uniqueId": 162,
	"parentId": "19e05be4-8993-4d08-8ee3-4fce900ac426",
	"localMatrix": {
		"0": 1,
		"1": 0,
		"2": 0,
		"3": 0,
		"4": 0,
		"5": 1,
		"6": 0,
		"7": 0,
		"8": 0,
		"9": 0,
		"10": 1,
		"11": 0,
		"12": 0,
		"13": 0,
		"14": 0,
		"15": 1
	},
	"isEnabled": true
}