{
	"tags": null,
	"position": [
		0,
		-0.00034332275390625,
		0
	],
	"rotation": [
		0,
		0,
		0
	],
	"rotationQuaternion": [
		0.01780254508951262,
		0,
		0,
		0.9998415284952559
	],
	"scaling": [
		0.045692551881074905,
		0.04569255421002781,
		0.04569255421002781
	],
	"billboardMode": 0,
	"scalingDeterminant": 1,
	"infiniteDistance": false,
	"ignoreNonUniformScaling": false,
	"reIntegrateRotationIntoRotationQuaternion": false,
	"name": "Sphere006",
	"id": "e3dccbe2-d2e9-47ef-b23a-07cf2c2c547c",
	"state": "",
	"metadata": {},
	"type": "TransformNode",
	"uniqueId": 170,
	"parentId": "39a258a1-f781-45f7-b7fc-05f1ae6189e1",
	"localMatrix": {
		"0": 1,
		"1": 0,
		"2": 0,
		"3": 0,
		"4": 0,
		"5": 1,
		"6": 0,
		"7": 0,
		"8": 0,
		"9": 0,
		"10": 1,
		"11": 0,
		"12": 0,
		"13": 0,
		"14": 0,
		"15": 1
	},
	"isEnabled": true
}