{
	"tags": null,
	"position": [
		4.571025848388672,
		12.151749610900879,
		25.818286895751953
	],
	"rotation": [
		0,
		0,
		0
	],
	"rotationQuaternion": [
		-0.742413234186537,
		0.17127836049397835,
		0.09521705882153261,
		0.6406403007657228
	],
	"scaling": [
		0.06813577638875236,
		0.06813574314280782,
		0.06813575842246354
	],
	"billboardMode": 0,
	"scalingDeterminant": 1,
	"infiniteDistance": false,
	"ignoreNonUniformScaling": false,
	"reIntegrateRotationIntoRotationQuaternion": false,
	"name": "Sphere012",
	"id": "628dd2a9-04ad-40e7-bc7a-d97750557378",
	"state": "",
	"metadata": {},
	"type": "TransformNode",
	"uniqueId": 94,
	"parentId": "19e05be4-8993-4d08-8ee3-4fce900ac426",
	"localMatrix": {
		"0": 1,
		"1": 0,
		"2": 0,
		"3": 0,
		"4": 0,
		"5": 1,
		"6": 0,
		"7": 0,
		"8": 0,
		"9": 0,
		"10": 1,
		"11": 0,
		"12": 0,
		"13": 0,
		"14": 0,
		"15": 1
	},
	"isEnabled": true
}