{
	"tags": null,
	"position": [
		5.274872779846191,
		12.98441219329834,
		37.47615051269531
	],
	"rotation": [
		0,
		0,
		0
	],
	"rotationQuaternion": [
		-0.7314579079149869,
		-0.029293992146248407,
		0.027261657857544815,
		0.680711399769298
	],
	"scaling": [
		0.05066440152317612,
		0.05066440366437701,
		0.05066440135426592
	],
	"billboardMode": 0,
	"scalingDeterminant": 1,
	"infiniteDistance": false,
	"ignoreNonUniformScaling": false,
	"reIntegrateRotationIntoRotationQuaternion": false,
	"name": "Sphere009",
	"id": "a85ee1ad-7832-42cb-96f9-42b2d8ca6c7c",
	"state": "",
	"metadata": {},
	"type": "TransformNode",
	"uniqueId": 82,
	"parentId": "19e05be4-8993-4d08-8ee3-4fce900ac426",
	"localMatrix": {
		"0": 1,
		"1": 0,
		"2": 0,
		"3": 0,
		"4": 0,
		"5": 1,
		"6": 0,
		"7": 0,
		"8": 0,
		"9": 0,
		"10": 1,
		"11": 0,
		"12": 0,
		"13": 0,
		"14": 0,
		"15": 1
	},
	"isEnabled": true
}