{
	"tags": null,
	"position": [
		-0.10716438293457031,
		-0.0240020751953125,
		-0.0022125244140625
	],
	"rotation": [
		0,
		0,
		0
	],
	"rotationQuaternion": [
		0.07498697458135838,
		-0.049569757310814255,
		0.0037322213077240277,
		0.9959447038627571
	],
	"scaling": [
		0.298796386187797,
		0.29879635528217025,
		0.2987963666056191
	],
	"billboardMode": 0,
	"scalingDeterminant": 1,
	"infiniteDistance": false,
	"ignoreNonUniformScaling": false,
	"reIntegrateRotationIntoRotationQuaternion": false,
	"name": "Sphere005",
	"id": "021150e5-a1a2-4722-855a-3aff134b690f",
	"state": "",
	"metadata": {},
	"type": "TransformNode",
	"uniqueId": 150,
	"parentId": "7b22fa1e-2ae4-4844-954e-7cd67aac1f0e",
	"localMatrix": {
		"0": 1,
		"1": 0,
		"2": 0,
		"3": 0,
		"4": 0,
		"5": 1,
		"6": 0,
		"7": 0,
		"8": 0,
		"9": 0,
		"10": 1,
		"11": 0,
		"12": 0,
		"13": 0,
		"14": 0,
		"15": 1
	},
	"isEnabled": true
}