{
	"tags": null,
	"position": [
		1.71449613571167,
		10.903450965881348,
		16.004356384277344
	],
	"rotation": [
		0,
		0,
		0
	],
	"rotationQuaternion": [
		-0.5249600721253747,
		-0.2907186391916228,
		-0.5454315905169843,
		0.5851529304654705
	],
	"scaling": [
		0.05127038520896334,
		0.0512703719541802,
		0.05127038003710372
	],
	"billboardMode": 0,
	"scalingDeterminant": 1,
	"infiniteDistance": false,
	"ignoreNonUniformScaling": false,
	"reIntegrateRotationIntoRotationQuaternion": false,
	"name": "Sphere001",
	"id": "95a6e8f9-a45d-4e62-853b-35fb2a5e565c",
	"state": "",
	"metadata": {},
	"type": "TransformNode",
	"uniqueId": 63,
	"parentId": "19e05be4-8993-4d08-8ee3-4fce900ac426",
	"localMatrix": {
		"0": 1,
		"1": 0,
		"2": 0,
		"3": 0,
		"4": 0,
		"5": 1,
		"6": 0,
		"7": 0,
		"8": 0,
		"9": 0,
		"10": 1,
		"11": 0,
		"12": 0,
		"13": 0,
		"14": 0,
		"15": 1
	},
	"isEnabled": true
}