{
	"tags": null,
	"position": [
		0.11248779296875,
		12.250578880310059,
		16.300952911376953
	],
	"rotation": [
		0,
		0,
		0
	],
	"rotationQuaternion": [
		-0.7071067811865475,
		0,
		0,
		0.7071067811865476
	],
	"scaling": [
		0.014024589210748672,
		0.014024589210748672,
		0.014024589210748672
	],
	"billboardMode": 0,
	"scalingDeterminant": 1,
	"infiniteDistance": false,
	"ignoreNonUniformScaling": false,
	"reIntegrateRotationIntoRotationQuaternion": false,
	"name": "Sphere002",
	"id": "2c6aaec7-0c6f-45dd-99ec-a2629750d7df",
	"state": "",
	"metadata": {},
	"type": "TransformNode",
	"uniqueId": 70,
	"parentId": "19e05be4-8993-4d08-8ee3-4fce900ac426",
	"localMatrix": {
		"0": 1,
		"1": 0,
		"2": 0,
		"3": 0,
		"4": 0,
		"5": 1,
		"6": 0,
		"7": 0,
		"8": 0,
		"9": 0,
		"10": 1,
		"11": 0,
		"12": 0,
		"13": 0,
		"14": 0,
		"15": 1
	},
	"isEnabled": true
}