{
	"tags": null,
	"position": [
		0,
		0,
		0
	],
	"rotation": [
		0,
		0,
		0
	],
	"rotationQuaternion": [
		0.70710688829422,
		0,
		0,
		0.7071066498756409
	],
	"scaling": [
		0.009999999776482582,
		0.010000000707805157,
		0.010000000707805157
	],
	"billboardMode": 0,
	"scalingDeterminant": 1,
	"infiniteDistance": false,
	"ignoreNonUniformScaling": false,
	"reIntegrateRotationIntoRotationQuaternion": false,
	"name": "20d2007dc3084289958615381050d1e7.fbx",
	"id": "0f8a9366-29da-4d73-a6f1-1f82f2e57a88",
	"state": "",
	"metadata": {},
	"type": "TransformNode",
	"uniqueId": 23865,
	"parentId": "72944d6a-db8e-4ec4-8218-75fb42df79bf",
	"localMatrix": {
		"0": 1,
		"1": 0,
		"2": 0,
		"3": 0,
		"4": 0,
		"5": 1,
		"6": 0,
		"7": 0,
		"8": 0,
		"9": 0,
		"10": 1,
		"11": 0,
		"12": 0,
		"13": 0,
		"14": 0,
		"15": 1
	},
	"isEnabled": true
}