{
	"tags": null,
	"position": [
		0,
		0,
		0
	],
	"rotation": [
		0,
		0,
		0
	],
	"rotationQuaternion": [
		0.707106829,
		6.99007163e-9,
		-6.99007119e-9,
		-0.707106829
	],
	"scaling": [
		99.9999847,
		100.000015,
		100.000015
	],
	"billboardMode": 0,
	"scalingDeterminant": 1,
	"infiniteDistance": false,
	"ignoreNonUniformScaling": false,
	"reIntegrateRotationIntoRotationQuaternion": false,
	"name": "Saturn",
	"id": "12130da6-af77-4972-a044-8288ae786be7",
	"state": "",
	"metadata": {},
	"type": "TransformNode",
	"uniqueId": 3720,
	"parentId": "02c4180e-7fe2-4c44-86d2-c64d60fd27c5",
	"localMatrix": {
		"0": 1,
		"1": 0,
		"2": 0,
		"3": 0,
		"4": 0,
		"5": 1,
		"6": 0,
		"7": 0,
		"8": 0,
		"9": 0,
		"10": 1,
		"11": 0,
		"12": 0,
		"13": 0,
		"14": 0,
		"15": 1
	},
	"isEnabled": true
}