{
	"tags": null,
	"position": [
		-30.1173191,
		-7.15255624e-7,
		-10.8533411
	],
	"rotation": [
		0,
		0,
		0
	],
	"rotationQuaternion": [
		0.707106888,
		0,
		0,
		-0.707106709
	],
	"scaling": [
		99.9999847,
		100.000015,
		100.000015
	],
	"billboardMode": 0,
	"scalingDeterminant": 1,
	"infiniteDistance": false,
	"ignoreNonUniformScaling": false,
	"reIntegrateRotationIntoRotationQuaternion": false,
	"name": "Sphere-Dione",
	"id": "d1fc4ead-c470-4245-89a3-0689a2b8d243",
	"state": "",
	"metadata": {},
	"type": "TransformNode",
	"uniqueId": 3728,
	"parentId": "02c4180e-7fe2-4c44-86d2-c64d60fd27c5",
	"localMatrix": {
		"0": 1,
		"1": 0,
		"2": 0,
		"3": 0,
		"4": 0,
		"5": 1,
		"6": 0,
		"7": 0,
		"8": 0,
		"9": 0,
		"10": 1,
		"11": 0,
		"12": 0,
		"13": 0,
		"14": 0,
		"15": 1
	},
	"isEnabled": true
}