{
	"tags": null,
	"position": [
		5.0999999,
		9.09999943,
		9.19999981
	],
	"rotation": [
		0,
		0,
		0
	],
	"rotationQuaternion": [
		0,
		0.173648193,
		0,
		0.984807849
	],
	"scaling": [
		0.409999996,
		0.409999996,
		0.409999996
	],
	"billboardMode": 0,
	"scalingDeterminant": 1,
	"infiniteDistance": false,
	"ignoreNonUniformScaling": false,
	"reIntegrateRotationIntoRotationQuaternion": false,
	"name": "telescoperemodel",
	"id": "75da20aa-4d5d-4477-ab3d-ee5beccd78bc",
	"state": "",
	"metadata": {},
	"type": "TransformNode",
	"uniqueId": 2581,
	"parentId": "e1ffa980-3f62-44a9-a281-d74721b4e502",
	"localMatrix": {
		"0": 1,
		"1": 0,
		"2": 0,
		"3": 0,
		"4": 0,
		"5": 1,
		"6": 0,
		"7": 0,
		"8": 0,
		"9": 0,
		"10": 1,
		"11": 0,
		"12": 0,
		"13": 0,
		"14": 0,
		"15": 1
	},
	"isEnabled": true
}