{
	"tags": null,
	"position": [
		2.5774765014648438,
		1.4913759231567383,
		-0.09510922431945801
	],
	"rotation": [
		0,
		0,
		0
	],
	"rotationQuaternion": [
		-9.397564326718566e-8,
		4.165656264376594e-7,
		-0.5591931939125061,
		-0.8290373682975769
	],
	"scaling": [
		1.000000238418579,
		0.9999996423721313,
		0.9999999403953552
	],
	"billboardMode": 0,
	"scalingDeterminant": 1,
	"infiniteDistance": false,
	"ignoreNonUniformScaling": false,
	"reIntegrateRotationIntoRotationQuaternion": false,
	"name": "Bip01-R-Toe1_52",
	"id": "8c2a345e-7153-4a33-bbc5-2479001cd166",
	"state": "",
	"metadata": {},
	"type": "TransformNode",
	"uniqueId": 1898,
	"parentId": "75af9061-d3af-450e-b115-42698c94a93c",
	"localMatrix": {
		"0": 1,
		"1": 0,
		"2": 0,
		"3": 0,
		"4": 0,
		"5": 1,
		"6": 0,
		"7": 0,
		"8": 0,
		"9": 0,
		"10": 1,
		"11": 0,
		"12": 0,
		"13": 0,
		"14": 0,
		"15": 1
	},
	"isEnabled": true
}