{
	"tags": null,
	"position": [
		2.367952346801758,
		0.5935029983520508,
		-1.1110482215881348
	],
	"rotation": [
		0,
		0,
		0
	],
	"rotationQuaternion": [
		-0.27216941118240356,
		0.0072410861030220985,
		0.025588003918528557,
		0.9618819355964661
	],
	"scaling": [
		1.0000001192092896,
		1,
		0.9999999403953552
	],
	"billboardMode": 0,
	"scalingDeterminant": 1,
	"infiniteDistance": false,
	"ignoreNonUniformScaling": false,
	"reIntegrateRotationIntoRotationQuaternion": false,
	"name": "Bip01-L-Toe0_42",
	"id": "611dfec1-b2dd-47ed-86a2-abdb8e0f13fd",
	"state": "",
	"metadata": {},
	"type": "TransformNode",
	"uniqueId": 1888,
	"parentId": "7c928fba-9389-4bde-98aa-3e8357dea4ed",
	"localMatrix": {
		"0": 1,
		"1": 0,
		"2": 0,
		"3": 0,
		"4": 0,
		"5": 1,
		"6": 0,
		"7": 0,
		"8": 0,
		"9": 0,
		"10": 1,
		"11": 0,
		"12": 0,
		"13": 0,
		"14": 0,
		"15": 1
	},
	"isEnabled": true
}