{
	"tags": null,
	"position": [
		0.00000476837158203125,
		-0.000003814697265625,
		-4.256905555725098
	],
	"rotation": [
		0,
		0,
		0
	],
	"rotationQuaternion": [
		0.7874131202697754,
		0.5883997082710266,
		-0.11536213010549545,
		-0.14303211867809296
	],
	"scaling": [
		1,
		0.9999997615814209,
		1.0000001192092896
	],
	"billboardMode": 0,
	"scalingDeterminant": 1,
	"infiniteDistance": false,
	"ignoreNonUniformScaling": false,
	"reIntegrateRotationIntoRotationQuaternion": false,
	"name": "Bip01-R-Thigh_46",
	"id": "632012da-11f6-4b45-afe4-25f824cc2d37",
	"state": "",
	"metadata": {},
	"type": "TransformNode",
	"uniqueId": 1892,
	"parentId": "47f93ccd-3d40-43fe-94bf-730c2ce3c3f8",
	"localMatrix": {
		"0": 1,
		"1": 0,
		"2": 0,
		"3": 0,
		"4": 0,
		"5": 1,
		"6": 0,
		"7": 0,
		"8": 0,
		"9": 0,
		"10": 1,
		"11": 0,
		"12": 0,
		"13": 0,
		"14": 0,
		"15": 1
	},
	"isEnabled": true
}