{
	"tags": null,
	"position": [
		3.3396291732788086,
		-0.00180816650390625,
		-0.00006115436553955078
	],
	"rotation": [
		0,
		0,
		0
	],
	"rotationQuaternion": [
		0.009438848122954369,
		-0.008034907281398773,
		-0.3881937861442566,
		0.9214944243431091
	],
	"scaling": [
		1.000000238418579,
		0.9999998211860657,
		1
	],
	"billboardMode": 0,
	"scalingDeterminant": 1,
	"infiniteDistance": false,
	"ignoreNonUniformScaling": false,
	"reIntegrateRotationIntoRotationQuaternion": false,
	"name": "Bip01-Neck1_8",
	"id": "40487c89-bf87-45e6-b209-49b29a1b060c",
	"state": "",
	"metadata": {},
	"type": "TransformNode",
	"uniqueId": 1855,
	"parentId": "e19f5921-00da-48d6-ac68-2746ed82ca14",
	"localMatrix": {
		"0": 1,
		"1": 0,
		"2": 0,
		"3": 0,
		"4": 0,
		"5": 1,
		"6": 0,
		"7": 0,
		"8": 0,
		"9": 0,
		"10": 1,
		"11": 0,
		"12": 0,
		"13": 0,
		"14": 0,
		"15": 1
	},
	"isEnabled": true
}