{
	"tags": null,
	"position": [
		2.5774765014648438,
		1.491373062133789,
		0.09510946273803711
	],
	"rotation": [
		0,
		0,
		0
	],
	"rotationQuaternion": [
		-5.6046474128379487e-8,
		3.108751513991592e-7,
		0.05233524367213249,
		0.9986295700073242
	],
	"scaling": [
		1.0000001192092896,
		0.9999999403953552,
		0.9999999403953552
	],
	"billboardMode": 0,
	"scalingDeterminant": 1,
	"infiniteDistance": false,
	"ignoreNonUniformScaling": false,
	"reIntegrateRotationIntoRotationQuaternion": false,
	"name": "Bip01-L-Toe1_44",
	"id": "997454ef-3e54-4918-bb28-769705c5b04d",
	"state": "",
	"metadata": {},
	"type": "TransformNode",
	"uniqueId": 1890,
	"parentId": "7c928fba-9389-4bde-98aa-3e8357dea4ed",
	"localMatrix": {
		"0": 1,
		"1": 0,
		"2": 0,
		"3": 0,
		"4": 0,
		"5": 1,
		"6": 0,
		"7": 0,
		"8": 0,
		"9": 0,
		"10": 1,
		"11": 0,
		"12": 0,
		"13": 0,
		"14": 0,
		"15": 1
	},
	"isEnabled": true
}