{
	"tags": null,
	"position": [
		0,
		0,
		0
	],
	"rotation": [
		0,
		0,
		0
	],
	"rotationQuaternion": [
		0.49492567777633667,
		0.5835692286491394,
		0.5035202503204346,
		-0.4012018144130707
	],
	"scaling": [
		1,
		0.9999998807907104,
		0.9999999403953552
	],
	"billboardMode": 0,
	"scalingDeterminant": 1,
	"infiniteDistance": false,
	"ignoreNonUniformScaling": false,
	"reIntegrateRotationIntoRotationQuaternion": false,
	"name": "Bip01-Pelvis_4",
	"id": "47f93ccd-3d40-43fe-94bf-730c2ce3c3f8",
	"state": "",
	"metadata": {},
	"type": "TransformNode",
	"uniqueId": 1850,
	"parentId": "d8ba0c19-b9ba-4d78-93e5-4940372e1772",
	"localMatrix": {
		"0": 1,
		"1": 0,
		"2": 0,
		"3": 0,
		"4": 0,
		"5": 1,
		"6": 0,
		"7": 0,
		"8": 0,
		"9": 0,
		"10": 1,
		"11": 0,
		"12": 0,
		"13": 0,
		"14": 0,
		"15": 1
	},
	"isEnabled": true
}