{
	"tags": null,
	"position": [
		6.771622657775879,
		-0.0000019073486328125,
		-4.76837158203125e-7
	],
	"rotation": [
		0,
		0,
		0
	],
	"rotationQuaternion": [
		-1.1502641061866825e-9,
		-1.7583841938062506e-8,
		0.23612044751644135,
		-0.9717237949371338
	],
	"scaling": [
		1,
		0.9999999403953552,
		1
	],
	"billboardMode": 0,
	"scalingDeterminant": 1,
	"infiniteDistance": false,
	"ignoreNonUniformScaling": false,
	"reIntegrateRotationIntoRotationQuaternion": false,
	"name": "Bip01-L-Calf_39",
	"id": "b91dd504-1bea-403b-b361-837648e364d9",
	"state": "",
	"metadata": {},
	"type": "TransformNode",
	"uniqueId": 1885,
	"parentId": "1b834072-3a4b-42f8-8c13-b1355d261682",
	"localMatrix": {
		"0": 1,
		"1": 0,
		"2": 0,
		"3": 0,
		"4": 0,
		"5": 1,
		"6": 0,
		"7": 0,
		"8": 0,
		"9": 0,
		"10": 1,
		"11": 0,
		"12": 0,
		"13": 0,
		"14": 0,
		"15": 1
	},
	"isEnabled": true
}