{
	"tags": null,
	"position": [
		2.2802658081054688,
		1.2453808784484863,
		0.7524279356002808
	],
	"rotation": [
		0,
		0,
		0
	],
	"rotationQuaternion": [
		0.4629351496696472,
		-0.4696272313594818,
		0.26850026845932007,
		0.7021744251251221
	],
	"scaling": [
		1.0000004768371582,
		0.9999995827674866,
		1.000000238418579
	],
	"billboardMode": 0,
	"scalingDeterminant": 1,
	"infiniteDistance": false,
	"ignoreNonUniformScaling": false,
	"reIntegrateRotationIntoRotationQuaternion": false,
	"name": "BN_Eye_L_01_16",
	"id": "33ee2cbf-bd04-4b98-9edd-0148c0d527c8",
	"state": "",
	"metadata": {},
	"type": "TransformNode",
	"uniqueId": 1863,
	"parentId": "75e94aa6-de54-482f-a190-2232a0171ba3",
	"localMatrix": {
		"0": 1,
		"1": 0,
		"2": 0,
		"3": 0,
		"4": 0,
		"5": 1,
		"6": 0,
		"7": 0,
		"8": 0,
		"9": 0,
		"10": 1,
		"11": 0,
		"12": 0,
		"13": 0,
		"14": 0,
		"15": 1
	},
	"isEnabled": true
}