{
	"tags": null,
	"position": [
		8.114374160766602,
		-0.0000019073486328125,
		-0.000003814697265625
	],
	"rotation": [
		0,
		0,
		0
	],
	"rotationQuaternion": [
		0.12235802412033081,
		0.07651136815547943,
		0.11147046089172363,
		0.9832339882850647
	],
	"scaling": [
		1,
		0.9999998807907104,
		0.9999999403953552
	],
	"billboardMode": 0,
	"scalingDeterminant": 1,
	"infiniteDistance": false,
	"ignoreNonUniformScaling": false,
	"reIntegrateRotationIntoRotationQuaternion": false,
	"name": "BN_Forearm_L_08_32",
	"id": "6856b671-43af-4ce1-9a23-f311b7f4ace6",
	"state": "",
	"metadata": {},
	"type": "TransformNode",
	"uniqueId": 1879,
	"parentId": "1d8f62b8-ae11-4dbe-af98-33b87d21ade5",
	"localMatrix": {
		"0": 1,
		"1": 0,
		"2": 0,
		"3": 0,
		"4": 0,
		"5": 1,
		"6": 0,
		"7": 0,
		"8": 0,
		"9": 0,
		"10": 1,
		"11": 0,
		"12": 0,
		"13": 0,
		"14": 0,
		"15": 1
	},
	"isEnabled": true
}