{
	"tags": null,
	"position": [
		8.421209335327148,
		0.000003814697265625,
		0
	],
	"rotation": [
		0,
		0,
		0
	],
	"rotationQuaternion": [
		0.12622225284576416,
		-0.21776388585567474,
		-0.019160499796271324,
		-0.9676154851913452
	],
	"scaling": [
		1.0000001192092896,
		1,
		1.0000001192092896
	],
	"billboardMode": 0,
	"scalingDeterminant": 1,
	"infiniteDistance": false,
	"ignoreNonUniformScaling": false,
	"reIntegrateRotationIntoRotationQuaternion": false,
	"name": "BN_Forearm_R_03_19",
	"id": "432022d4-cd1a-4206-8188-59baf5723f4f",
	"state": "",
	"metadata": {},
	"type": "TransformNode",
	"uniqueId": 1866,
	"parentId": "03742b30-6b53-42e9-833e-9e9234308502",
	"localMatrix": {
		"0": 1,
		"1": 0,
		"2": 0,
		"3": 0,
		"4": 0,
		"5": 1,
		"6": 0,
		"7": 0,
		"8": 0,
		"9": 0,
		"10": 1,
		"11": 0,
		"12": 0,
		"13": 0,
		"14": 0,
		"15": 1
	},
	"isEnabled": true
}