{
	"tags": null,
	"position": [
		4.579862594604492,
		-0.000003814697265625,
		2.384185791015625e-7
	],
	"rotation": [
		0,
		0,
		0
	],
	"rotationQuaternion": [
		-0.008131206035614014,
		0.04426008462905884,
		0.03926477208733559,
		0.9982150197029114
	],
	"scaling": [
		0.9999999403953552,
		0.9999999403953552,
		1
	],
	"billboardMode": 0,
	"scalingDeterminant": 1,
	"infiniteDistance": false,
	"ignoreNonUniformScaling": false,
	"reIntegrateRotationIntoRotationQuaternion": false,
	"name": "BN_Tail_03_36",
	"id": "6017b350-46bd-487d-ac75-b484eb78abba",
	"state": "",
	"metadata": {},
	"type": "TransformNode",
	"uniqueId": 1882,
	"parentId": "490d7e54-f360-4855-88c2-bf755e2c5296",
	"localMatrix": {
		"0": 1,
		"1": 0,
		"2": 0,
		"3": 0,
		"4": 0,
		"5": 1,
		"6": 0,
		"7": 0,
		"8": 0,
		"9": 0,
		"10": 1,
		"11": 0,
		"12": 0,
		"13": 0,
		"14": 0,
		"15": 1
	},
	"isEnabled": true
}