{
	"tags": null,
	"position": [
		4.039698600769043,
		-0.0000019073486328125,
		1.1920928955078125e-7
	],
	"rotation": [
		0,
		0,
		0
	],
	"rotationQuaternion": [
		-0.0057981302961707115,
		0.039467304944992065,
		0.0006581346970051527,
		0.9992038011550903
	],
	"scaling": [
		0.9999999403953552,
		0.9999999403953552,
		1
	],
	"billboardMode": 0,
	"scalingDeterminant": 1,
	"infiniteDistance": false,
	"ignoreNonUniformScaling": false,
	"reIntegrateRotationIntoRotationQuaternion": false,
	"name": "BN_Tail_04_37",
	"id": "ea98feaf-1878-438c-b902-f8f9af100811",
	"state": "",
	"metadata": {},
	"type": "TransformNode",
	"uniqueId": 1883,
	"parentId": "6017b350-46bd-487d-ac75-b484eb78abba",
	"localMatrix": {
		"0": 1,
		"1": 0,
		"2": 0,
		"3": 0,
		"4": 0,
		"5": 1,
		"6": 0,
		"7": 0,
		"8": 0,
		"9": 0,
		"10": 1,
		"11": 0,
		"12": 0,
		"13": 0,
		"14": 0,
		"15": 1
	},
	"isEnabled": true
}