{
	"tags": null,
	"position": [
		9.641672134399414,
		7.722672939300537,
		-0.9926722645759583
	],
	"rotation": [
		0,
		0,
		0
	],
	"rotationQuaternion": [
		0,
		0,
		0,
		1
	],
	"scaling": [
		1.2108289003372192,
		1.2108289003372192,
		1.2108289003372192
	],
	"billboardMode": 0,
	"scalingDeterminant": 1,
	"infiniteDistance": false,
	"ignoreNonUniformScaling": false,
	"reIntegrateRotationIntoRotationQuaternion": false,
	"name": "cat.001_7",
	"id": "a27641b7-f27d-4493-8350-40d892dd5a98",
	"state": "",
	"metadata": {},
	"type": "TransformNode",
	"uniqueId": 1789,
	"parentId": "ccf9989d-674e-411b-be70-71332bf12bc2",
	"localMatrix": {
		"0": 1,
		"1": 0,
		"2": 0,
		"3": 0,
		"4": 0,
		"5": 1,
		"6": 0,
		"7": 0,
		"8": 0,
		"9": 0,
		"10": 1,
		"11": 0,
		"12": 0,
		"13": 0,
		"14": 0,
		"15": 1
	},
	"isEnabled": true
}