{
	"tags": null,
	"position": [
		0,
		0,
		-0.882013738155365
	],
	"rotation": [
		0,
		0,
		0
	],
	"rotationQuaternion": [
		0,
		0,
		0,
		1
	],
	"scaling": [
		1.2480778694152832,
		1.2480779886245728,
		1.8742860555648804
	],
	"billboardMode": 0,
	"scalingDeterminant": 1,
	"infiniteDistance": false,
	"ignoreNonUniformScaling": false,
	"reIntegrateRotationIntoRotationQuaternion": false,
	"name": "Mesh_2_2",
	"id": "010c7079-3a36-4cb7-b5c3-6d76f9630ffd",
	"state": "",
	"metadata": {},
	"type": "TransformNode",
	"uniqueId": 440,
	"parentId": "e11e0d63-348b-4cb2-bbfe-6a04cac17037",
	"localMatrix": {
		"0": 1,
		"1": 0,
		"2": 0,
		"3": 0,
		"4": 0,
		"5": 1,
		"6": 0,
		"7": 0,
		"8": 0,
		"9": 0,
		"10": 1,
		"11": 0,
		"12": 0,
		"13": 0,
		"14": 0,
		"15": 1
	},
	"isEnabled": true
}