{
	"tags": null,
	"position": [
		-1.1535558700561523,
		0,
		-10.642912864685059
	],
	"rotation": [
		0,
		0,
		0
	],
	"rotationQuaternion": [
		0,
		-0.7106276730779452,
		0,
		0.7035682737951076
	],
	"scaling": [
		1.000000005578944,
		1.8225373029708862,
		1.000000005578944
	],
	"billboardMode": 0,
	"scalingDeterminant": 1,
	"infiniteDistance": false,
	"ignoreNonUniformScaling": false,
	"reIntegrateRotationIntoRotationQuaternion": false,
	"name": "Mesh_0.006_282",
	"id": "d935fe71-e7d5-4436-b912-ef371e7120f7",
	"state": "",
	"metadata": {},
	"type": "TransformNode",
	"uniqueId": 513,
	"parentId": "d874b425-3a14-4572-ac16-45e57351213b",
	"localMatrix": {
		"0": 1,
		"1": 0,
		"2": 0,
		"3": 0,
		"4": 0,
		"5": 1,
		"6": 0,
		"7": 0,
		"8": 0,
		"9": 0,
		"10": 1,
		"11": 0,
		"12": 0,
		"13": 0,
		"14": 0,
		"15": 1
	},
	"isEnabled": true
}