{
	"tags": null,
	"position": [
		-2.436124086380005,
		12.368369102478027,
		16.46709632873535
	],
	"rotation": [
		0,
		0,
		0
	],
	"rotationQuaternion": [
		-0.7071067811865475,
		0,
		0,
		0.7071067811865476
	],
	"scaling": [
		0.4364273250102997,
		0.4364273250102997,
		0.4364273250102997
	],
	"billboardMode": 0,
	"scalingDeterminant": 1,
	"infiniteDistance": false,
	"ignoreNonUniformScaling": false,
	"reIntegrateRotationIntoRotationQuaternion": false,
	"name": "RootNode (gltf orientation matrix)_287",
	"id": "2e1d7e9b-0d33-4c69-a5ed-b93ebe142878",
	"state": "",
	"metadata": {
		"script": {
			"name": "None"
		}
	},
	"type": "TransformNode",
	"uniqueId": 484,
	"parentId": "78340d1b-cff5-4a74-8c62-190639fb8358",
	"localMatrix": {
		"0": 1,
		"1": 0,
		"2": 0,
		"3": 0,
		"4": 0,
		"5": 1,
		"6": 0,
		"7": 0,
		"8": 0,
		"9": 0,
		"10": 1,
		"11": 0,
		"12": 0,
		"13": 0,
		"14": 0,
		"15": 1
	},
	"isEnabled": true
}