{
	"tags": null,
	"position": [
		-4.880434989929199,
		-6.670942306518555,
		-0.01791095733642578
	],
	"rotation": [
		0,
		0,
		0
	],
	"rotationQuaternion": [
		0.7322385907173157,
		0.01897536963224411,
		-0.05604312941431999,
		0.6784731149673462
	],
	"scaling": [
		1,
		1,
		1.0000001192092896
	],
	"billboardMode": 0,
	"scalingDeterminant": 1,
	"infiniteDistance": false,
	"ignoreNonUniformScaling": false,
	"reIntegrateRotationIntoRotationQuaternion": false,
	"name": "Saddle_33",
	"id": "8a309bde-1078-4e29-96b6-286574ad94de",
	"state": "",
	"metadata": {},
	"type": "TransformNode",
	"uniqueId": 1852,
	"parentId": "c1e35809-8041-4c9a-b61c-d4c423231e23",
	"localMatrix": {
		"0": 1,
		"1": 0,
		"2": 0,
		"3": 0,
		"4": 0,
		"5": 1,
		"6": 0,
		"7": 0,
		"8": 0,
		"9": 0,
		"10": 1,
		"11": 0,
		"12": 0,
		"13": 0,
		"14": 0,
		"15": 1
	},
	"isEnabled": true
}