{
	"tags": null,
	"position": [
		0,
		0,
		0
	],
	"rotation": [
		0,
		0,
		0
	],
	"rotationQuaternion": [
		-0.7071067811865475,
		0,
		0,
		0.7071067811865476
	],
	"scaling": [
		1.04973566532135,
		1.04973566532135,
		1.04973566532135
	],
	"billboardMode": 0,
	"scalingDeterminant": 1,
	"infiniteDistance": false,
	"ignoreNonUniformScaling": false,
	"reIntegrateRotationIntoRotationQuaternion": false,
	"name": "Sketchfab_model",
	"id": "a369a717-c7a9-4a26-a3aa-6c5b2c86b2a1",
	"state": "",
	"metadata": {},
	"type": "TransformNode",
	"uniqueId": 2045,
	"parentId": "b1a48e89-701d-4b94-b80a-1a1047bbc1f8",
	"localMatrix": {
		"0": 1,
		"1": 0,
		"2": 0,
		"3": 0,
		"4": 0,
		"5": 1,
		"6": 0,
		"7": 0,
		"8": 0,
		"9": 0,
		"10": 1,
		"11": 0,
		"12": 0,
		"13": 0,
		"14": 0,
		"15": 1
	},
	"isEnabled": true
}