{
	"tags": null,
	"position": [
		2.118884563446045,
		12.802427291870117,
		18.616832733154297
	],
	"rotation": [
		0,
		0,
		0
	],
	"rotationQuaternion": [
		0.6212886571884155,
		0.37022000551223755,
		-0.3332583010196686,
		0.604877233505249
	],
	"scaling": [
		0.006466780323535204,
		0.011893508955836296,
		0.0036762708332389593
	],
	"billboardMode": 0,
	"scalingDeterminant": 1,
	"infiniteDistance": false,
	"ignoreNonUniformScaling": false,
	"reIntegrateRotationIntoRotationQuaternion": false,
	"name": "WhatsApp Image 2022-01-23 at 4.43.21 PM.003_339",
	"id": "0453fea1-7171-477d-8191-a9264ebe0008",
	"state": "",
	"metadata": {},
	"type": "TransformNode",
	"uniqueId": 634,
	"parentId": "78340d1b-cff5-4a74-8c62-190639fb8358",
	"localMatrix": {
		"0": 1,
		"1": 0,
		"2": 0,
		"3": 0,
		"4": 0,
		"5": 1,
		"6": 0,
		"7": 0,
		"8": 0,
		"9": 0,
		"10": 1,
		"11": 0,
		"12": 0,
		"13": 0,
		"14": 0,
		"15": 1
	},
	"isEnabled": true
}