{
	"materials": [],
	"meshes": [
		{
			"name": "Object_110",
			"id": "812dda51-9a4e-4fd8-b033-6951369517c0",
			"uniqueId": 628,
			"type": "Mesh",
			"position": [
				0,
				0,
				0
			],
			"rotationQuaternion": [
				0,
				0,
				0,
				1
			],
			"scaling": [
				1,
				1,
				1
			],
			"localMatrix": {
				"0": 1,
				"1": 0,
				"2": 0,
				"3": 0,
				"4": 0,
				"5": 1,
				"6": 0,
				"7": 0,
				"8": 0,
				"9": 0,
				"10": 1,
				"11": 0,
				"12": 0,
				"13": 0,
				"14": 0,
				"15": 1
			},
			"isEnabled": true,
			"isVisible": true,
			"infiniteDistance": false,
			"pickable": true,
			"receiveShadows": false,
			"billboardMode": 0,
			"visibility": 1,
			"checkCollisions": false,
			"isBlocker": false,
			"overrideMaterialSideOrientation": 0,
			"parentId": "eee974f6-26a3-4f40-b8aa-550dd8165a95",
			"isUnIndexed": false,
			"geometryId": "43b4d6d2-7553-4b94-b02c-bf63f808816e",
			"subMeshes": null,
			"materialId": "f5245366-72a2-4ef4-9152-c295f8a86a64",
			"metadata": {
				"basePoseMatrix": {
					"0": -2.3655447959899902,
					"1": -7.804409503936768,
					"2": -1.2321363840328559e-7,
					"3": 0,
					"4": -1.2321363840328559e-7,
					"5": 3.7346509884628176e-8,
					"6": -8.155035972595215,
					"7": 0,
					"8": -7.804409503936768,
					"9": 2.3655450344085693,
					"10": 3.7346509884628176e-8,
					"11": 0,
					"12": 128.56622314453125,
					"13": -37.62895965576172,
					"14": 101.47478485107422,
					"15": 1
				},
				"originalSourceFile": {
					"id": "Object_110",
					"name": "Object_110",
					"sceneFileName": "earth/bear_doing_jungle_camping.glb"
				},
				"isPickable": false
			},
			"instances": [],
			"animations": [],
			"ranges": [],
			"layerMask": 268435455,
			"alphaIndex": 1.7976931348623157e+308,
			"hasVertexAlpha": false,
			"overlayAlpha": 0.5,
			"overlayColor": [
				1,
				0,
				0
			],
			"applyFog": true,
			"delayLoadingFile": "geometries/43b4d6d2-7553-4b94-b02c-bf63f808816e.babylonbinarymeshdata",
			"boundingBoxMaximum": [
				0.80402010679245,
				0,
				0.5
			],
			"boundingBoxMinimum": [
				-0.80402010679245,
				0,
				-0.5
			],
			"_binaryInfo": {
				"positionsAttrDesc": {
					"count": 12,
					"stride": 3,
					"offset": 0,
					"dataType": 1
				},
				"normalsAttrDesc": {
					"count": 12,
					"stride": 3,
					"offset": 48,
					"dataType": 1
				},
				"uvsAttrDesc": {
					"count": 8,
					"stride": 2,
					"offset": 96,
					"dataType": 1
				},
				"indicesAttrDesc": {
					"count": 6,
					"stride": 1,
					"offset": 128,
					"dataType": 0
				},
				"subMeshesAttrDesc": {
					"count": 1,
					"stride": 5,
					"offset": 152,
					"dataType": 0
				}
			},
			"positions": null,
			"normals": null,
			"uvs": null,
			"hasUVs": true,
			"indices": null
		}
	],
	"multiMaterials": [],
	"lods": []
}