{
	"materials": [],
	"meshes": [
		{
			"name": "Object_41",
			"id": "64de4090-a529-461e-8737-eb9447e01b08",
			"uniqueId": 496,
			"type": "Mesh",
			"position": [
				0,
				0,
				0
			],
			"rotationQuaternion": [
				0,
				0,
				0,
				1
			],
			"scaling": [
				1,
				1,
				1
			],
			"localMatrix": {
				"0": 1,
				"1": 0,
				"2": 0,
				"3": 0,
				"4": 0,
				"5": 1,
				"6": 0,
				"7": 0,
				"8": 0,
				"9": 0,
				"10": 1,
				"11": 0,
				"12": 0,
				"13": 0,
				"14": 0,
				"15": 1
			},
			"isEnabled": true,
			"isVisible": true,
			"infiniteDistance": false,
			"pickable": true,
			"receiveShadows": false,
			"billboardMode": 0,
			"visibility": 1,
			"checkCollisions": false,
			"isBlocker": false,
			"overrideMaterialSideOrientation": 0,
			"parentId": "0dcbe2b2-4ada-4c0a-b4e9-52c8b41ca644",
			"isUnIndexed": false,
			"geometryId": "9c56af9f-cd44-4330-bf39-56c1cfda44e8",
			"subMeshes": null,
			"materialId": "5c600be6-c2d9-487b-9f6c-54acc0504af1",
			"physicsMass": 1,
			"physicsFriction": 0.2,
			"physicsRestitution": 0.2,
			"physicsImpostor": 0,
			"metadata": {
				"basePoseMatrix": {
					"0": -2.291332244873047,
					"1": 0,
					"2": 0,
					"3": 0,
					"4": 0,
					"5": 2.291332244873047,
					"6": 0,
					"7": 0,
					"8": 0,
					"9": 0,
					"10": 2.291332244873047,
					"11": 0,
					"12": 5.581969738006592,
					"13": -28.340042114257812,
					"14": -37.731590270996094,
					"15": 1
				},
				"originalSourceFile": {
					"id": "Object_41",
					"name": "Object_41",
					"sceneFileName": "earth/bear_doing_jungle_camping.glb"
				},
				"isPickable": false,
				"script": {
					"name": "None"
				},
				"renderingGroupId": 0
			},
			"instances": [],
			"animations": [],
			"ranges": [],
			"layerMask": 268435455,
			"alphaIndex": 1.7976931348623157e+308,
			"hasVertexAlpha": false,
			"overlayAlpha": 0.3,
			"overlayColor": [
				1,
				0,
				0
			],
			"applyFog": true,
			"delayLoadingFile": "geometries/9c56af9f-cd44-4330-bf39-56c1cfda44e8.babylonbinarymeshdata",
			"boundingBoxMaximum": [
				27.392446517944336,
				9.972536087036133,
				23.43572235107422
			],
			"boundingBoxMinimum": [
				-24.004972457885742,
				0.016935179010033607,
				-22.981050491333008
			],
			"_binaryInfo": {
				"positionsAttrDesc": {
					"count": 144360,
					"stride": 3,
					"offset": 0,
					"dataType": 1
				},
				"normalsAttrDesc": {
					"count": 144360,
					"stride": 3,
					"offset": 577440,
					"dataType": 1
				},
				"uvsAttrDesc": {
					"count": 96240,
					"stride": 2,
					"offset": 1154880,
					"dataType": 1
				},
				"uvs2AttrDesc": {
					"count": 96240,
					"stride": 2,
					"offset": 1539840,
					"dataType": 1
				},
				"tangetsAttrDesc": {
					"count": 192480,
					"stride": 3,
					"offset": 1924800,
					"dataType": 1
				},
				"indicesAttrDesc": {
					"count": 133200,
					"stride": 1,
					"offset": 2694720,
					"dataType": 0
				},
				"subMeshesAttrDesc": {
					"count": 1,
					"stride": 5,
					"offset": 3227520,
					"dataType": 0
				}
			},
			"positions": null,
			"normals": null,
			"uvs": null,
			"hasUVs": true,
			"uv2s": null,
			"hasUVs2": true,
			"tangents": null,
			"indices": null
		}
	],
	"multiMaterials": [],
	"lods": []
}