{
	"materials": [],
	"meshes": [
		{
			"name": "Circle008__0",
			"id": "0d142266-a94c-4614-81be-e07df65b5ee9",
			"uniqueId": 111,
			"type": "Mesh",
			"position": [
				0,
				0,
				0
			],
			"rotationQuaternion": [
				0,
				0,
				0,
				1
			],
			"scaling": [
				1,
				1,
				1
			],
			"localMatrix": {
				"0": 1,
				"1": 0,
				"2": 0,
				"3": 0,
				"4": 0,
				"5": 1,
				"6": 0,
				"7": 0,
				"8": 0,
				"9": 0,
				"10": 1,
				"11": 0,
				"12": 0,
				"13": 0,
				"14": 0,
				"15": 1
			},
			"isEnabled": true,
			"isVisible": true,
			"infiniteDistance": false,
			"pickable": true,
			"receiveShadows": false,
			"billboardMode": 0,
			"visibility": 1,
			"checkCollisions": false,
			"isBlocker": false,
			"overrideMaterialSideOrientation": 0,
			"parentId": "f24feefd-d2ca-4431-b5e3-65bf1917ea1e",
			"isUnIndexed": false,
			"geometryId": "ad49c45a-dbff-4575-b2b4-eca7cf805e70",
			"subMeshes": null,
			"materialId": "c9a7d40b-eea1-49fb-a1f4-1191cfbfec21",
			"metadata": {
				"basePoseMatrix": {
					"0": -169.7950439453125,
					"1": 0,
					"2": 0,
					"3": 0,
					"4": 0,
					"5": -10.403849601745605,
					"6": 164.3334197998047,
					"7": 0,
					"8": 0,
					"9": -133.639404296875,
					"10": -12.793383598327637,
					"11": 0,
					"12": 5.1654815673828125,
					"13": 13.963871955871582,
					"14": -51.07038497924805,
					"15": 1
				},
				"originalSourceFile": {
					"id": "Circle008__0",
					"name": "Circle008__0",
					"sceneFileName": "solar system/solar_system_custom.glb"
				},
				"isPickable": false
			},
			"instances": [],
			"animations": [],
			"ranges": [],
			"layerMask": 268435455,
			"alphaIndex": 1.7976931348623157e+308,
			"hasVertexAlpha": false,
			"overlayAlpha": 0.3,
			"overlayColor": [
				1,
				0,
				0
			],
			"applyFog": true,
			"delayLoadingFile": "geometries/ad49c45a-dbff-4575-b2b4-eca7cf805e70.babylonbinarymeshdata",
			"boundingBoxMaximum": [
				78.02789306640625,
				78.02789306640625,
				0.17047743499279022
			],
			"boundingBoxMinimum": [
				-78.02789306640625,
				-78.02789306640625,
				-0.17047744989395142
			],
			"_binaryInfo": {
				"positionsAttrDesc": {
					"count": 2664,
					"stride": 3,
					"offset": 0,
					"dataType": 1
				},
				"normalsAttrDesc": {
					"count": 2664,
					"stride": 3,
					"offset": 10656,
					"dataType": 1
				},
				"indicesAttrDesc": {
					"count": 2664,
					"stride": 1,
					"offset": 21312,
					"dataType": 0
				},
				"subMeshesAttrDesc": {
					"count": 1,
					"stride": 5,
					"offset": 31968,
					"dataType": 0
				}
			},
			"positions": null,
			"normals": null,
			"indices": null
		}
	],
	"multiMaterials": [],
	"lods": []
}