{
	"materials": [],
	"meshes": [
		{
			"name": "Circle010__0",
			"id": "86e1c82c-478f-480b-ac72-9c1bfbae8570",
			"uniqueId": 117,
			"type": "Mesh",
			"position": [
				0,
				0,
				0
			],
			"rotationQuaternion": [
				0,
				0,
				0,
				1
			],
			"scaling": [
				1,
				1,
				1
			],
			"localMatrix": {
				"0": 1,
				"1": 0,
				"2": 0,
				"3": 0,
				"4": 0,
				"5": 1,
				"6": 0,
				"7": 0,
				"8": 0,
				"9": 0,
				"10": 1,
				"11": 0,
				"12": 0,
				"13": 0,
				"14": 0,
				"15": 1
			},
			"isEnabled": true,
			"isVisible": true,
			"infiniteDistance": false,
			"pickable": true,
			"receiveShadows": false,
			"billboardMode": 0,
			"visibility": 1,
			"checkCollisions": false,
			"isBlocker": false,
			"overrideMaterialSideOrientation": 0,
			"parentId": "67c47682-5632-4430-8801-b218b3974750",
			"isUnIndexed": false,
			"geometryId": "9e8137a2-6a6c-41c6-9360-0446aaabce10",
			"subMeshes": null,
			"materialId": "c9a7d40b-eea1-49fb-a1f4-1191cfbfec21",
			"metadata": {
				"basePoseMatrix": {
					"0": -169.2482147216797,
					"1": -0.9451077580451965,
					"2": 13.166909217834473,
					"3": 0,
					"4": 13.616204261779785,
					"5": -11.747598648071289,
					"6": 163.66351318359375,
					"7": 0,
					"8": 8.466236067761201e-7,
					"9": -133.52464294433594,
					"10": -14.492436408996582,
					"11": 0,
					"12": 0.44403088092803955,
					"13": 13.243501663208008,
					"14": -46.25784683227539,
					"15": 1
				},
				"originalSourceFile": {
					"id": "Circle010__0",
					"name": "Circle010__0",
					"sceneFileName": "solar system/solar_system_custom.glb"
				},
				"isPickable": false
			},
			"instances": [],
			"animations": [],
			"ranges": [],
			"layerMask": 268435455,
			"alphaIndex": 1.7976931348623157e+308,
			"hasVertexAlpha": false,
			"overlayAlpha": 0.3,
			"overlayColor": [
				1,
				0,
				0
			],
			"applyFog": true,
			"delayLoadingFile": "geometries/9e8137a2-6a6c-41c6-9360-0446aaabce10.babylonbinarymeshdata",
			"boundingBoxMaximum": [
				126.2264633178711,
				126.2264633178711,
				0.17047743499279022
			],
			"boundingBoxMinimum": [
				-126.2264633178711,
				-126.2264633178711,
				-0.17047744989395142
			],
			"_binaryInfo": {
				"positionsAttrDesc": {
					"count": 2664,
					"stride": 3,
					"offset": 0,
					"dataType": 1
				},
				"normalsAttrDesc": {
					"count": 2664,
					"stride": 3,
					"offset": 10656,
					"dataType": 1
				},
				"indicesAttrDesc": {
					"count": 2664,
					"stride": 1,
					"offset": 21312,
					"dataType": 0
				},
				"subMeshesAttrDesc": {
					"count": 1,
					"stride": 5,
					"offset": 31968,
					"dataType": 0
				}
			},
			"positions": null,
			"normals": null,
			"indices": null
		}
	],
	"multiMaterials": [],
	"lods": []
}