{
	"materials": [],
	"meshes": [
		{
			"name": "Sphere009_uranus_0",
			"id": "dbea1ca2-3d2f-401b-b417-61c878020dc8",
			"uniqueId": 83,
			"type": "Mesh",
			"position": [
				0,
				0,
				0
			],
			"rotationQuaternion": [
				0,
				0,
				0,
				1
			],
			"scaling": [
				1,
				1,
				1
			],
			"localMatrix": {
				"0": 1,
				"1": 0,
				"2": 0,
				"3": 0,
				"4": 0,
				"5": 1,
				"6": 0,
				"7": 0,
				"8": 0,
				"9": 0,
				"10": 1,
				"11": 0,
				"12": 0,
				"13": 0,
				"14": 0,
				"15": 1
			},
			"isEnabled": true,
			"isVisible": true,
			"infiniteDistance": false,
			"pickable": true,
			"receiveShadows": false,
			"billboardMode": 0,
			"visibility": 1,
			"checkCollisions": false,
			"isBlocker": false,
			"overrideMaterialSideOrientation": 0,
			"parentId": "a85ee1ad-7832-42cb-96f9-42b2d8ca6c7c",
			"isUnIndexed": false,
			"geometryId": "3a74ce83-ae4f-45ee-98ce-8732e68d9222",
			"subMeshes": null,
			"materialId": "8971f77d-6dbf-4d02-b613-fe54a333244b",
			"metadata": {
				"basePoseMatrix": {
					"0": -631.66259765625,
					"1": -3.637394905090332,
					"2": 50.54520034790039,
					"3": 0,
					"4": 50.6759033203125,
					"5": -45.339237213134766,
					"6": 630.0333251953125,
					"7": 0,
					"8": -0.0000018829534838005202,
					"9": -632.0576171875,
					"10": -45.48491287231445,
					"11": 0,
					"12": -124.2752914428711,
					"13": 755.5247802734375,
					"14": -193.40513610839844,
					"15": 1
				},
				"originalSourceFile": {
					"id": "Sphere009_uranus_0",
					"name": "Sphere009_uranus_0",
					"sceneFileName": "solar system/solar_system_custom.glb"
				},
				"isPickable": false
			},
			"instances": [],
			"animations": [],
			"ranges": [],
			"layerMask": 268435455,
			"alphaIndex": 1.7976931348623157e+308,
			"hasVertexAlpha": false,
			"overlayAlpha": 0.3,
			"overlayColor": [
				1,
				0,
				0
			],
			"applyFog": true,
			"delayLoadingFile": "geometries/3a74ce83-ae4f-45ee-98ce-8732e68d9222.babylonbinarymeshdata",
			"boundingBoxMaximum": [
				24.720895767211914,
				24.726619720458984,
				24.732345581054688
			],
			"boundingBoxMinimum": [
				-24.720895767211914,
				-24.70372772216797,
				-24.732345581054688
			],
			"_binaryInfo": {
				"positionsAttrDesc": {
					"count": 7776,
					"stride": 3,
					"offset": 0,
					"dataType": 1
				},
				"normalsAttrDesc": {
					"count": 7776,
					"stride": 3,
					"offset": 31104,
					"dataType": 1
				},
				"uvsAttrDesc": {
					"count": 5184,
					"stride": 2,
					"offset": 62208,
					"dataType": 1
				},
				"indicesAttrDesc": {
					"count": 15330,
					"stride": 1,
					"offset": 82944,
					"dataType": 0
				},
				"subMeshesAttrDesc": {
					"count": 1,
					"stride": 5,
					"offset": 144264,
					"dataType": 0
				}
			},
			"positions": null,
			"normals": null,
			"uvs": null,
			"hasUVs": true,
			"indices": null
		}
	],
	"multiMaterials": [],
	"lods": []
}