{
	"materials": [],
	"meshes": [
		{
			"name": "Sphere011_pluto_0",
			"id": "f02e5972-971c-4139-b80a-a0c82e79d1a2",
			"uniqueId": 140,
			"type": "Mesh",
			"position": [
				0,
				0,
				0
			],
			"rotationQuaternion": [
				0,
				0,
				0,
				1
			],
			"scaling": [
				1,
				1,
				1
			],
			"localMatrix": {
				"0": 1,
				"1": 0,
				"2": 0,
				"3": 0,
				"4": 0,
				"5": 1,
				"6": 0,
				"7": 0,
				"8": 0,
				"9": 0,
				"10": 1,
				"11": 0,
				"12": 0,
				"13": 0,
				"14": 0,
				"15": 1
			},
			"isEnabled": true,
			"isVisible": true,
			"infiniteDistance": false,
			"pickable": true,
			"receiveShadows": false,
			"billboardMode": 0,
			"visibility": 1,
			"checkCollisions": false,
			"isBlocker": false,
			"overrideMaterialSideOrientation": 0,
			"parentId": "6064e8b7-f27e-4fba-85df-a6767aadc55f",
			"isUnIndexed": false,
			"geometryId": "792ac29e-2428-4527-8969-8691f6dfde51",
			"subMeshes": null,
			"materialId": "a8e5debc-30eb-469a-9c3a-23870abb8236",
			"metadata": {
				"basePoseMatrix": {
					"0": -504.2325744628906,
					"1": -14.674931526184082,
					"2": -383.535888671875,
					"3": 0,
					"4": -87.46126556396484,
					"5": 620.9623413085938,
					"6": 91.2254638671875,
					"7": 0,
					"8": -373.71868896484375,
					"9": -125.52373504638672,
					"10": 496.1287841796875,
					"11": 0,
					"12": 507.39007568359375,
					"13": -58.687400817871094,
					"14": -749.5693359375,
					"15": 1
				},
				"originalSourceFile": {
					"id": "Sphere011_pluto_0",
					"name": "Sphere011_pluto_0",
					"sceneFileName": "solar system/solar_system_custom.glb"
				},
				"isPickable": false
			},
			"instances": [],
			"animations": [],
			"ranges": [],
			"layerMask": 268435455,
			"alphaIndex": 1.7976931348623157e+308,
			"hasVertexAlpha": false,
			"overlayAlpha": 0.3,
			"overlayColor": [
				1,
				0,
				0
			],
			"applyFog": true,
			"delayLoadingFile": "geometries/792ac29e-2428-4527-8969-8691f6dfde51.babylonbinarymeshdata",
			"boundingBoxMaximum": [
				24.720895767211914,
				24.726619720458984,
				24.732345581054688
			],
			"boundingBoxMinimum": [
				-24.720895767211914,
				-24.70372772216797,
				-24.732345581054688
			],
			"_binaryInfo": {
				"positionsAttrDesc": {
					"count": 7776,
					"stride": 3,
					"offset": 0,
					"dataType": 1
				},
				"normalsAttrDesc": {
					"count": 7776,
					"stride": 3,
					"offset": 31104,
					"dataType": 1
				},
				"uvsAttrDesc": {
					"count": 5184,
					"stride": 2,
					"offset": 62208,
					"dataType": 1
				},
				"indicesAttrDesc": {
					"count": 15330,
					"stride": 1,
					"offset": 82944,
					"dataType": 0
				},
				"subMeshesAttrDesc": {
					"count": 1,
					"stride": 5,
					"offset": 144264,
					"dataType": 0
				}
			},
			"positions": null,
			"normals": null,
			"uvs": null,
			"hasUVs": true,
			"indices": null
		}
	],
	"multiMaterials": [],
	"lods": []
}