{
	"materials": [],
	"meshes": [
		{
			"name": "Sphere001_tierra_0",
			"id": "1f35e67c-4f3f-448f-abff-d44a21ec651c",
			"uniqueId": 64,
			"type": "Mesh",
			"position": [
				0,
				0,
				0
			],
			"rotationQuaternion": [
				0,
				0,
				0,
				1
			],
			"scaling": [
				1,
				1,
				1
			],
			"localMatrix": {
				"0": 1,
				"1": 0,
				"2": 0,
				"3": 0,
				"4": 0,
				"5": 1,
				"6": 0,
				"7": 0,
				"8": 0,
				"9": 0,
				"10": 1,
				"11": 0,
				"12": 0,
				"13": 0,
				"14": 0,
				"15": 1
			},
			"isEnabled": true,
			"isVisible": true,
			"infiniteDistance": false,
			"pickable": true,
			"receiveShadows": false,
			"billboardMode": 0,
			"visibility": 1,
			"checkCollisions": false,
			"isBlocker": false,
			"overrideMaterialSideOrientation": 0,
			"parentId": "95a6e8f9-a45d-4e62-853b-35fb2a5e565c",
			"isUnIndexed": false,
			"geometryId": "f886b5b7-a4a4-41d7-9fd1-8a84283f87fa",
			"subMeshes": null,
			"materialId": "7571ddd6-d0dd-4728-9a9a-7ff06bab06b5",
			"metadata": {
				"basePoseMatrix": {
					"0": -147.7675018310547,
					"1": -590.8552856445312,
					"2": -145.54812622070312,
					"3": 0,
					"4": -208.5819854736328,
					"5": -91.52411651611328,
					"6": 583.3062744140625,
					"7": 0,
					"8": 571.6533813476562,
					"9": -186.1259002685547,
					"10": 175.21090698242188,
					"11": 0,
					"12": -222.0179901123047,
					"13": 92.31199645996094,
					"14": -293.2112121582031,
					"15": 1
				},
				"originalSourceFile": {
					"id": "Sphere001_tierra_0",
					"name": "Sphere001_tierra_0",
					"sceneFileName": "solar system/solar_system_custom.glb"
				},
				"isPickable": false,
				"script": {
					"name": "None"
				},
				"renderingGroupId": 0
			},
			"instances": [],
			"animations": [],
			"ranges": [],
			"layerMask": 268435455,
			"alphaIndex": 1.7976931348623157e+308,
			"hasVertexAlpha": false,
			"overlayAlpha": 0.3,
			"overlayColor": [
				1,
				0,
				0
			],
			"applyFog": true,
			"delayLoadingFile": "geometries/f886b5b7-a4a4-41d7-9fd1-8a84283f87fa.babylonbinarymeshdata",
			"boundingBoxMaximum": [
				24.720895767211914,
				24.726619720458984,
				24.732345581054688
			],
			"boundingBoxMinimum": [
				-24.720895767211914,
				-24.70372772216797,
				-24.732345581054688
			],
			"_binaryInfo": {
				"positionsAttrDesc": {
					"count": 7776,
					"stride": 3,
					"offset": 0,
					"dataType": 1
				},
				"normalsAttrDesc": {
					"count": 7776,
					"stride": 3,
					"offset": 31104,
					"dataType": 1
				},
				"uvsAttrDesc": {
					"count": 5184,
					"stride": 2,
					"offset": 62208,
					"dataType": 1
				},
				"indicesAttrDesc": {
					"count": 15330,
					"stride": 1,
					"offset": 82944,
					"dataType": 0
				},
				"subMeshesAttrDesc": {
					"count": 1,
					"stride": 5,
					"offset": 144264,
					"dataType": 0
				}
			},
			"positions": null,
			"normals": null,
			"uvs": null,
			"hasUVs": true,
			"indices": null
		}
	],
	"multiMaterials": [],
	"lods": []
}