{
	"materials": [],
	"meshes": [
		{
			"name": "Sphere005_saturno_0",
			"id": "1f7438a2-03e0-4060-8ce2-a4ffc8fe86f4",
			"uniqueId": 151,
			"type": "Mesh",
			"position": [
				0,
				0,
				0
			],
			"rotationQuaternion": [
				0,
				0,
				0,
				1
			],
			"scaling": [
				1,
				1,
				1
			],
			"localMatrix": {
				"0": 1,
				"1": 0,
				"2": 0,
				"3": 0,
				"4": 0,
				"5": 1,
				"6": 0,
				"7": 0,
				"8": 0,
				"9": 0,
				"10": 1,
				"11": 0,
				"12": 0,
				"13": 0,
				"14": 0,
				"15": 1
			},
			"isEnabled": true,
			"isVisible": true,
			"infiniteDistance": false,
			"pickable": true,
			"receiveShadows": false,
			"billboardMode": 0,
			"visibility": 1,
			"checkCollisions": false,
			"isBlocker": false,
			"overrideMaterialSideOrientation": 0,
			"parentId": "021150e5-a1a2-4722-855a-3aff134b690f",
			"isUnIndexed": false,
			"geometryId": "05900ba7-64e3-4859-9d67-c6af2f9a686d",
			"subMeshes": null,
			"materialId": "fa1bbffc-890f-446a-a29d-29d95fdbb47f",
			"metadata": {
				"basePoseMatrix": {
					"0": -687.9428100585938,
					"1": 22.286476135253906,
					"2": 238.52757263183594,
					"3": 0,
					"4": 235.6231231689453,
					"5": -68.11207580566406,
					"6": 685.9298706054688,
					"7": 0,
					"8": -43.287837982177734,
					"9": -724.9285888671875,
					"10": -57.11479568481445,
					"11": 0,
					"12": 79.1064453125,
					"13": 741.8238525390625,
					"14": -231.6427764892578,
					"15": 1
				},
				"originalSourceFile": {
					"id": "Sphere005_saturno_0",
					"name": "Sphere005_saturno_0",
					"sceneFileName": "solar system/solar_system_custom.glb"
				},
				"isPickable": false,
				"script": {
					"name": "None"
				},
				"renderingGroupId": 0
			},
			"instances": [],
			"animations": [],
			"ranges": [],
			"layerMask": 268435455,
			"alphaIndex": 1.7976931348623157e+308,
			"hasVertexAlpha": false,
			"overlayAlpha": 0.3,
			"overlayColor": [
				1,
				0,
				0
			],
			"applyFog": true,
			"delayLoadingFile": "geometries/05900ba7-64e3-4859-9d67-c6af2f9a686d.babylonbinarymeshdata",
			"boundingBoxMaximum": [
				24.720895767211914,
				24.726619720458984,
				24.732345581054688
			],
			"boundingBoxMinimum": [
				-24.720895767211914,
				-24.70372772216797,
				-24.732345581054688
			],
			"_binaryInfo": {
				"positionsAttrDesc": {
					"count": 7776,
					"stride": 3,
					"offset": 0,
					"dataType": 1
				},
				"normalsAttrDesc": {
					"count": 7776,
					"stride": 3,
					"offset": 31104,
					"dataType": 1
				},
				"uvsAttrDesc": {
					"count": 5184,
					"stride": 2,
					"offset": 62208,
					"dataType": 1
				},
				"indicesAttrDesc": {
					"count": 15330,
					"stride": 1,
					"offset": 82944,
					"dataType": 0
				},
				"subMeshesAttrDesc": {
					"count": 1,
					"stride": 5,
					"offset": 144264,
					"dataType": 0
				}
			},
			"positions": null,
			"normals": null,
			"uvs": null,
			"hasUVs": true,
			"indices": null
		}
	],
	"multiMaterials": [],
	"lods": []
}