{
	"materials": [],
	"meshes": [
		{
			"name": "Sphere012_jupiter_0",
			"id": "b3c57272-61a0-4c03-92db-428716097858",
			"uniqueId": 95,
			"type": "Mesh",
			"position": [
				0,
				0,
				0
			],
			"rotationQuaternion": [
				0,
				0,
				0,
				1
			],
			"scaling": [
				1,
				1,
				1
			],
			"localMatrix": {
				"0": 1,
				"1": 0,
				"2": 0,
				"3": 0,
				"4": 0,
				"5": 1,
				"6": 0,
				"7": 0,
				"8": 0,
				"9": 0,
				"10": 1,
				"11": 0,
				"12": 0,
				"13": 0,
				"14": 0,
				"15": 1
			},
			"isEnabled": true,
			"isVisible": true,
			"infiniteDistance": false,
			"pickable": true,
			"receiveShadows": false,
			"billboardMode": 0,
			"visibility": 1,
			"checkCollisions": false,
			"isBlocker": false,
			"overrideMaterialSideOrientation": 0,
			"parentId": "628dd2a9-04ad-40e7-bc7a-d97750557378",
			"isUnIndexed": false,
			"geometryId": "bf6ead6c-36d7-4a7c-95b0-5e38b9d994ed",
			"subMeshes": null,
			"materialId": "198f6dbc-a1a2-44bd-9ae9-b1e643d32dba",
			"metadata": {
				"basePoseMatrix": {
					"0": -435.0101318359375,
					"1": 177.3216094970703,
					"2": -36.788936614990234,
					"3": 0,
					"4": -62.34874725341797,
					"5": -56.77378463745117,
					"6": 463.5942687988281,
					"7": 0,
					"8": -170.0264129638672,
					"9": -432.8558349609375,
					"10": -75.8762435913086,
					"11": 0,
					"12": 98.39378356933594,
					"13": 394.8229064941406,
					"14": -119.6877212524414,
					"15": 1
				},
				"originalSourceFile": {
					"id": "Sphere012_jupiter_0",
					"name": "Sphere012_jupiter_0",
					"sceneFileName": "solar system/solar_system_custom.glb"
				},
				"isPickable": false
			},
			"instances": [],
			"animations": [],
			"ranges": [],
			"layerMask": 268435455,
			"alphaIndex": 1.7976931348623157e+308,
			"hasVertexAlpha": false,
			"overlayAlpha": 0.3,
			"overlayColor": [
				1,
				0,
				0
			],
			"applyFog": true,
			"delayLoadingFile": "geometries/bf6ead6c-36d7-4a7c-95b0-5e38b9d994ed.babylonbinarymeshdata",
			"boundingBoxMaximum": [
				24.720895767211914,
				24.726619720458984,
				24.732345581054688
			],
			"boundingBoxMinimum": [
				-24.720895767211914,
				-24.70372772216797,
				-24.732345581054688
			],
			"_binaryInfo": {
				"positionsAttrDesc": {
					"count": 7776,
					"stride": 3,
					"offset": 0,
					"dataType": 1
				},
				"normalsAttrDesc": {
					"count": 7776,
					"stride": 3,
					"offset": 31104,
					"dataType": 1
				},
				"uvsAttrDesc": {
					"count": 5184,
					"stride": 2,
					"offset": 62208,
					"dataType": 1
				},
				"indicesAttrDesc": {
					"count": 15330,
					"stride": 1,
					"offset": 82944,
					"dataType": 0
				},
				"subMeshesAttrDesc": {
					"count": 1,
					"stride": 5,
					"offset": 144264,
					"dataType": 0
				}
			},
			"positions": null,
			"normals": null,
			"uvs": null,
			"hasUVs": true,
			"indices": null
		}
	],
	"multiMaterials": [],
	"lods": []
}