{
	"materials": [],
	"meshes": [
		{
			"name": "Sphere006_venus_0",
			"id": "84376676-721e-4bf9-8b1f-b73c18e6806e",
			"uniqueId": 171,
			"type": "Mesh",
			"position": [
				0,
				0,
				0
			],
			"rotationQuaternion": [
				0,
				0,
				0,
				1
			],
			"scaling": [
				1,
				1,
				1
			],
			"localMatrix": {
				"0": 1,
				"1": 0,
				"2": 0,
				"3": 0,
				"4": 0,
				"5": 1,
				"6": 0,
				"7": 0,
				"8": 0,
				"9": 0,
				"10": 1,
				"11": 0,
				"12": 0,
				"13": 0,
				"14": 0,
				"15": 1
			},
			"isEnabled": true,
			"isVisible": true,
			"infiniteDistance": false,
			"pickable": true,
			"receiveShadows": false,
			"billboardMode": 0,
			"visibility": 1,
			"checkCollisions": false,
			"isBlocker": false,
			"overrideMaterialSideOrientation": 0,
			"parentId": "e3dccbe2-d2e9-47ef-b23a-07cf2c2c547c",
			"isUnIndexed": false,
			"geometryId": "1d062060-2676-4484-81dc-1f0ec09a914e",
			"subMeshes": null,
			"materialId": "b78b400b-8410-45e0-9273-3c64480d3437",
			"metadata": {
				"basePoseMatrix": {
					"0": -702.6447143554688,
					"1": 0,
					"2": 0,
					"3": 0,
					"4": 0,
					"5": 25.013761520385742,
					"6": 702.1992797851562,
					"7": 0,
					"8": 0,
					"9": -702.1992797851562,
					"10": 25.013761520385742,
					"11": 0,
					"12": 125.18614959716797,
					"13": 256.61627197265625,
					"14": -245.92599487304688,
					"15": 1
				},
				"originalSourceFile": {
					"id": "Sphere006_venus_0",
					"name": "Sphere006_venus_0",
					"sceneFileName": "solar system/solar_system_custom.glb"
				},
				"isPickable": false,
				"script": {
					"name": "None"
				},
				"renderingGroupId": 0
			},
			"instances": [],
			"animations": [],
			"ranges": [],
			"layerMask": 268435455,
			"alphaIndex": 1.7976931348623157e+308,
			"hasVertexAlpha": false,
			"overlayAlpha": 0.3,
			"overlayColor": [
				1,
				0,
				0
			],
			"applyFog": true,
			"delayLoadingFile": "geometries/1d062060-2676-4484-81dc-1f0ec09a914e.babylonbinarymeshdata",
			"boundingBoxMaximum": [
				24.720895767211914,
				24.726619720458984,
				24.732345581054688
			],
			"boundingBoxMinimum": [
				-24.720895767211914,
				-24.70372772216797,
				-24.732345581054688
			],
			"_binaryInfo": {
				"positionsAttrDesc": {
					"count": 7776,
					"stride": 3,
					"offset": 0,
					"dataType": 1
				},
				"normalsAttrDesc": {
					"count": 7776,
					"stride": 3,
					"offset": 31104,
					"dataType": 1
				},
				"uvsAttrDesc": {
					"count": 5184,
					"stride": 2,
					"offset": 62208,
					"dataType": 1
				},
				"indicesAttrDesc": {
					"count": 15330,
					"stride": 1,
					"offset": 82944,
					"dataType": 0
				},
				"subMeshesAttrDesc": {
					"count": 1,
					"stride": 5,
					"offset": 144264,
					"dataType": 0
				}
			},
			"positions": null,
			"normals": null,
			"uvs": null,
			"hasUVs": true,
			"indices": null
		}
	],
	"multiMaterials": [],
	"lods": []
}