{
	"materials": [],
	"meshes": [
		{
			"name": "Sphere002_luna_0",
			"id": "8ce02557-2976-4e60-ad3d-2b42c474213a",
			"uniqueId": 71,
			"type": "Mesh",
			"position": [
				0,
				0,
				0
			],
			"rotationQuaternion": [
				0,
				0,
				0,
				1
			],
			"scaling": [
				1,
				1,
				1
			],
			"localMatrix": {
				"0": 1,
				"1": 0,
				"2": 0,
				"3": 0,
				"4": 0,
				"5": 1,
				"6": 0,
				"7": 0,
				"8": 0,
				"9": 0,
				"10": 1,
				"11": 0,
				"12": 0,
				"13": 0,
				"14": 0,
				"15": 1
			},
			"isEnabled": true,
			"isVisible": true,
			"infiniteDistance": false,
			"pickable": true,
			"receiveShadows": false,
			"billboardMode": 0,
			"visibility": 1,
			"checkCollisions": false,
			"isBlocker": false,
			"overrideMaterialSideOrientation": 0,
			"parentId": "2c6aaec7-0c6f-45dd-99ec-a2629750d7df",
			"isUnIndexed": false,
			"geometryId": "d78c1eda-5323-4133-b289-62a62fd66192",
			"subMeshes": null,
			"materialId": "9d7e8cb3-1adb-46d5-80ed-00b1cf48aa0c",
			"metadata": {
				"basePoseMatrix": {
					"0": -2289.238525390625,
					"1": 0,
					"2": 0,
					"3": 0,
					"4": 0,
					"5": 5.083130639495226e-13,
					"6": 2289.238525390625,
					"7": 0,
					"8": 0,
					"9": -2289.238525390625,
					"10": 5.083130639495226e-13,
					"11": 0,
					"12": -8.02075481414795,
					"13": 1162.312255859375,
					"14": -873.5071411132812,
					"15": 1
				},
				"originalSourceFile": {
					"id": "Sphere002_luna_0",
					"name": "Sphere002_luna_0",
					"sceneFileName": "solar system/solar_system_custom.glb"
				},
				"isPickable": false
			},
			"instances": [],
			"animations": [],
			"ranges": [],
			"layerMask": 268435455,
			"alphaIndex": 1.7976931348623157e+308,
			"hasVertexAlpha": false,
			"overlayAlpha": 0.3,
			"overlayColor": [
				1,
				0,
				0
			],
			"applyFog": true,
			"delayLoadingFile": "geometries/d78c1eda-5323-4133-b289-62a62fd66192.babylonbinarymeshdata",
			"boundingBoxMaximum": [
				24.720895767211914,
				24.726619720458984,
				24.732345581054688
			],
			"boundingBoxMinimum": [
				-24.720895767211914,
				-24.70372772216797,
				-24.732345581054688
			],
			"_binaryInfo": {
				"positionsAttrDesc": {
					"count": 7776,
					"stride": 3,
					"offset": 0,
					"dataType": 1
				},
				"normalsAttrDesc": {
					"count": 7776,
					"stride": 3,
					"offset": 31104,
					"dataType": 1
				},
				"uvsAttrDesc": {
					"count": 5184,
					"stride": 2,
					"offset": 62208,
					"dataType": 1
				},
				"indicesAttrDesc": {
					"count": 15330,
					"stride": 1,
					"offset": 82944,
					"dataType": 0
				},
				"subMeshesAttrDesc": {
					"count": 1,
					"stride": 5,
					"offset": 144264,
					"dataType": 0
				}
			},
			"positions": null,
			"normals": null,
			"uvs": null,
			"hasUVs": true,
			"indices": null
		}
	],
	"multiMaterials": [],
	"lods": []
}